time/total_timesteps,time/time_elapsed,rollout/ep_len_mean,rollout/ep_rew_mean,time/iterations,time/fps,train/n_updates,train/entropy_loss,train/approx_kl,train/clip_fraction,train/clip_range,train/learning_rate,train/loss,train/std,train/policy_gradient_loss,train/explained_variance,train/value_loss
8192,5,100.0,-28278.398812617277,1,1506,,,,,,,,,,,
16384,12,100.0,-21656.56939257,2,1343,10,-1.4224397338926793,0.0034683072,0.0181884765625,0.2,0.0003,2806349.75,1.0068796873092651,-0.0015372160476545104,2.5391578674316406e-05,16743254.0765625
24576,19,100.0,-17387.00430383,3,1279,20,-1.431128878891468,0.003369209,0.01922607421875,0.2,0.0003,1625435.625,1.0189176797866821,-0.0018523226208344568,-2.5510787963867188e-05,7665182.81875
32768,25,100.0,-12601.742407669997,4,1268,30,-1.4369530472904444,0.0028281468,0.01156005859375,0.2,0.0003,549570.5625,1.0176249742507935,-0.001829269104928244,-1.1682510375976562e-05,2373014.03671875
40960,32,100.0,-11076.470394489997,5,1261,40,-1.4364656627178192,0.0035380288,0.02657470703125,0.2,0.0003,249655.84375,1.019338607788086,-0.0037374902982264756,-2.396106719970703e-05,1237045.77265625
49152,39,100.0,-10352.90875131,6,1257,50,-1.440326726064086,0.0025020058,0.01292724609375,0.2,0.0003,164054.75,1.0246282815933228,-0.0027453246984805446,-2.0265579223632812e-06,895607.05
57344,45,100.0,-10133.62704451,7,1253,60,-1.4368659161031245,0.0033607264,0.01749267578125,0.2,0.0003,152472.75,1.0113742351531982,-0.002899785805493593,3.933906555175781e-06,785314.4822265625
65536,52,100.0,-10057.71825235,8,1251,70,-1.4262882523238658,0.0033588666,0.012890625,0.2,0.0003,145309.140625,1.0029222965240479,-0.0018665113057068083,4.708766937255859e-06,750183.4458984375
73728,59,100.0,-10098.61373123,9,1249,80,-1.4194425839930773,0.0013180149,0.00242919921875,0.2,0.0003,149191.90625,0.9984273314476013,-0.0004118668286537286,5.066394805908203e-06,734876.598828125
81920,65,100.0,-9912.486993969998,10,1248,90,-1.4069613970816135,0.0023609805,0.01531982421875,0.2,0.0003,150189.25,0.9813592433929443,-0.0020584538606271963,2.86102294921875e-06,751847.4650390625
90112,72,100.0,-9940.85636147,11,1247,100,-1.3955246087163686,0.0029543387,0.010888671875,0.2,0.0003,139813.4375,0.9724242687225342,-0.0010852915133000352,5.960464477539063e-08,710616.812109375
98304,78,100.0,-10026.69232783,12,1246,110,-1.384998156130314,0.0037748693,0.01845703125,0.2,0.0003,139154.734375,0.9612127542495728,-0.0014313338637293783,1.2516975402832031e-06,722071.937890625
106496,85,100.0,-9963.27494738,13,1245,120,-1.3734890725463629,0.0009791753,0.00111083984375,0.2,0.0003,144204.296875,0.951200544834137,-0.0005920460371271474,8.344650268554688e-07,739707.056640625
114688,92,100.0,-10058.79317003,14,1244,130,-1.3595594804733993,0.0025407772,0.00850830078125,0.2,0.0003,142810.96875,0.9363909363746643,-0.0010078233211970656,6.556510925292969e-07,719891.9791015625
122880,98,100.0,-10177.87205505,15,1244,140,-1.3571546148508786,0.0022553692,0.0095703125,0.2,0.0003,141599.03125,0.9403390288352966,-0.0010389660521468614,5.364418029785156e-07,739339.6990234375
131072,105,100.0,-10327.76355076,16,1243,150,-1.3521422240883112,0.0015222376,0.00511474609375,0.2,0.0003,150026.28125,0.9310840368270874,-0.0007000982743193163,2.980232238769531e-07,759238.26015625
139264,112,100.0,-10202.5651391,17,1243,160,-1.3492085535079241,0.002537483,0.01373291015625,0.2,0.0003,150352.828125,0.9343031644821167,-0.0017364952942443778,7.748603820800781e-07,782059.1376953125
147456,118,100.0,-10283.075836380001,18,1242,170,-1.3502043772488832,0.0019745596,0.01064453125,0.2,0.0003,145951.8125,0.9329405426979065,-0.000984701744891936,1.7881393432617188e-07,749014.0375
155648,125,100.0,-10196.83585786,19,1242,180,-1.3491951510310174,0.0028790063,0.00667724609375,0.2,0.0003,155620.3125,0.9314539432525635,-0.0005534964231628692,4.76837158203125e-07,771559.10390625
163840,131,100.0,-10041.74577519,20,1242,190,-1.3474975671619176,0.0022804663,0.00498046875,0.2,0.0003,147804.734375,0.9300776720046997,-0.0006071133149816888,2.384185791015625e-07,749398.1900390625
172032,138,100.0,-10021.885108060002,21,1241,200,-1.349761523678899,0.0007130649,0.0003662109375,0.2,0.0003,141158.421875,0.9346901178359985,-0.00020681530095316701,1.1920928955078125e-07,721121.815234375
180224,145,100.0,-10032.48758877,22,1241,210,-1.3578114315867424,0.0011238089,0.00439453125,0.2,0.0003,143560.046875,0.9442352056503296,-0.0005695298625141732,5.960464477539063e-08,722437.1533203125
188416,151,100.0,-10123.01336233,23,1241,220,-1.3556524023413659,0.005666004,0.0411376953125,0.2,0.0003,138854.359375,0.9337067604064941,-0.0031071785815584008,0.0,721059.8060546875
196608,158,100.0,-10115.860018489999,24,1241,230,-1.3487997148185968,0.0014576612,0.003857421875,0.2,0.0003,148067.765625,0.9311238527297974,-0.00037700185384892393,1.7881393432617188e-07,741471.2576171875
204800,165,100.0,-10234.665542809998,25,1240,240,-1.3448124323040247,0.003682177,0.02032470703125,0.2,0.0003,148090.4375,0.9255841970443726,-0.0017021048945025541,0.0,733437.5376953125
212992,171,100.0,-10117.771323320001,26,1240,250,-1.3372544299811124,0.004619495,0.02530517578125,0.2,0.0003,149047.59375,0.9183331727981567,-0.00206000500038499,1.1920928955078125e-07,760784.5783203125
221184,178,100.0,-10033.65022016,27,1240,260,-1.336003091186285,0.0013389633,0.002880859375,0.2,0.0003,142236.796875,0.9215201735496521,-0.00046709918860869947,1.1920928955078125e-07,730082.6119140625
229376,184,100.0,-10129.8744412,28,1240,270,-1.3376212786883115,0.00312266,0.00928955078125,0.2,0.0003,145833.203125,0.9198262095451355,-0.000869598203280475,5.960464477539063e-08,719560.64921875
237568,191,100.0,-10110.110181,29,1240,280,-1.3403987385332585,0.0018188918,0.01109619140625,0.2,0.0003,141130.765625,0.9258713126182556,-0.0015512500765908043,5.960464477539063e-08,736364.267578125
245760,198,100.0,-10234.06488515,30,1240,290,-1.3427622780203818,0.0034225043,0.0101806640625,0.2,0.0003,144131.515625,0.9256288409233093,-0.0009122803516220301,-1.1920928955078125e-07,728345.08828125
253952,204,100.0,-10245.59930767,31,1240,300,-1.3446279358118773,0.0014248816,0.00384521484375,0.2,0.0003,154445.859375,0.9294462203979492,-0.0005143320426213904,0.0,754458.6814453125
262144,211,100.0,-10144.399585190002,32,1239,310,-1.3464063342660666,0.002040903,0.00750732421875,0.2,0.0003,147962.71875,0.9300795197486877,-0.0007362997792370151,0.0,748192.5150390625
270336,218,100.0,-10167.06773085,33,1239,320,-1.3444228839129209,0.0017249159,0.00079345703125,0.2,0.0003,143940.28125,0.9260145425796509,-0.0002493858428351814,-1.1920928955078125e-07,726553.1841796875
278528,224,100.0,-10079.272328230001,34,1239,330,-1.3363489553332328,0.003495275,0.0267578125,0.2,0.0003,145641.78125,0.9163907766342163,-0.0021874266436498146,0.0,737709.509375
286720,231,100.0,-10121.096691749999,35,1239,340,-1.3302764538675547,0.004212913,0.01737060546875,0.2,0.0003,137850.640625,0.9133599996566772,-0.0014405309193534777,-1.1920928955078125e-07,715284.3861328125
294912,237,100.0,-10101.91239822,36,1239,350,-1.3268126547336578,0.0027973994,0.0105224609375,0.2,0.0003,143484.734375,0.9100888967514038,-0.0009408294237800874,0.0,728452.6025390625
303104,244,100.0,-10025.658842600002,37,1239,360,-1.3195959638804198,0.0028093706,0.01468505859375,0.2,0.0003,147194.1875,0.9030222296714783,-0.0013956196704384637,0.0,720450.897265625
311296,251,100.0,-9967.754884029999,38,1239,370,-1.3097865387797356,0.0010245004,0.00118408203125,0.2,0.0003,139449.046875,0.8908841609954834,-0.0003395547355466988,0.0,706958.5767578125
319488,257,100.0,-10007.86912922,39,1239,380,-1.305104823037982,0.0020264816,0.00460205078125,0.2,0.0003,137629.28125,0.8933355212211609,-0.0004184669316600775,0.0,698602.8556640625
327680,264,100.0,-9955.98001407,40,1239,390,-1.3055561080574989,0.0031469644,0.0087158203125,0.2,0.0003,139295.015625,0.8922533392906189,-0.000674744944262784,5.960464477539063e-08,706616.158984375
335872,271,100.0,-9978.803855260001,41,1239,400,-1.3041824836283922,0.0035310504,0.01300048828125,0.2,0.0003,135279.0,0.8890918493270874,-0.0008940613692175247,0.0,691825.045703125
344064,277,100.0,-10047.133424940002,42,1239,410,-1.2990859195590019,0.0024803157,0.0102294921875,0.2,0.0003,134264.390625,0.884402871131897,-0.0008761699740716722,0.0,700453.9845703125
352256,284,100.0,-10112.1097707,43,1239,420,-1.2959707163274288,0.0015541508,0.0061279296875,0.2,0.0003,139943.453125,0.8833014965057373,-0.0005383878404245479,1.1920928955078125e-07,707924.6857421875
360448,290,100.0,-10118.2808084,44,1239,430,-1.2984594643115996,0.0010257646,0.00157470703125,0.2,0.0003,145206.609375,0.8874462246894836,-0.00014140081366349478,0.0,719141.31875
368640,297,100.0,-10072.398537730001,45,1238,440,-1.31056237667799,0.00058717816,0.0010498046875,0.2,0.0003,141111.5,0.9065091609954834,-0.00037469728740688877,0.0,718438.69296875
376832,304,100.0,-10011.304350860002,46,1238,450,-1.3174473278224468,0.0031335698,0.01351318359375,0.2,0.0003,136097.09375,0.900378942489624,-0.001131519061163999,5.960464477539063e-08,710018.0408203125
385024,310,100.0,-10035.62072229,47,1238,460,-1.3109027408063412,0.0020502661,0.0060791015625,0.2,0.0003,133099.1875,0.8942708969116211,-0.000801986493570439,0.0,694803.119921875
393216,317,100.0,-10040.38783492,48,1238,470,-1.3000347804278136,0.00072387955,0.0003173828125,0.2,0.0003,142120.828125,0.8815815448760986,-0.00013747114753641653,0.0,703350.9287109375
401408,324,100.0,-9989.68451046,49,1238,480,-1.2871265422552824,0.0022252465,0.0099609375,0.2,0.0003,135133.15625,0.8720343112945557,-0.0008450992238067557,5.960464477539063e-08,699978.0658203125
409600,330,100.0,-9981.23045017,50,1238,490,-1.282973724976182,0.0012642641,0.001416015625,0.2,0.0003,133716.203125,0.8735299110412598,-0.00030519000411004525,5.960464477539063e-08,691623.445703125
417792,337,100.0,-9919.68827107,51,1238,500,-1.2819492809474469,0.0028153153,0.0106201171875,0.2,0.0003,135795.90625,0.8704137802124023,-0.0008245805358455982,5.960464477539063e-08,690379.278515625
425984,343,100.0,-9891.092031220001,52,1238,510,-1.2760082058608533,0.0018125155,0.00294189453125,0.2,0.0003,133951.46875,0.8633105754852295,-0.0004411707988765556,0.0,679680.616015625
434176,350,100.0,-9928.950801489998,53,1238,520,-1.273156736418605,0.0013817556,0.00469970703125,0.2,0.0003,130331.9296875,0.8642423748970032,-0.0002703854122955818,0.0,673486.188671875
442368,357,100.0,-9985.8559855,54,1238,530,-1.2701908502727748,0.0020466042,0.00506591796875,0.2,0.0003,135392.84375,0.8585526943206787,-0.0005211498973949347,5.960464477539063e-08,680535.4740234375
450560,363,100.0,-10044.07705112,55,1238,540,-1.2679768305271863,0.0017538012,0.006396484375,0.2,0.0003,134878.09375,0.8605784773826599,-0.0006218675796844763,-1.1920928955078125e-07,688722.45234375
458752,370,100.0,-9967.649178439999,56,1238,550,-1.267317221686244,0.0036921105,0.0193115234375,0.2,0.0003,139022.46875,0.857978343963623,-0.0014245343263610266,0.0,697585.00390625
466944,377,100.0,-10028.848109259998,57,1238,560,-1.2624670129269362,0.0036080198,0.0099853515625,0.2,0.0003,133776.875,0.8520528674125671,-0.0007468346309906337,0.0,680497.1279296875
475136,383,100.0,-10043.80197663,58,1238,570,-1.2524663161486387,0.0018550365,0.0032470703125,0.2,0.0003,136338.984375,0.8413060903549194,-0.00037581364886136727,0.0,692164.0134765625
483328,390,100.0,-10140.787495569999,59,1238,580,-1.2402277283370495,0.0034299125,0.01630859375,0.2,0.0003,136494.90625,0.8314316868782043,-0.0014859098620945588,-1.1920928955078125e-07,692403.1763671875
491520,396,100.0,-10076.318138480001,60,1238,590,-1.2352174997329712,0.001592296,0.01080322265625,0.2,0.0003,135048.984375,0.8318488001823425,-0.0012363869231194259,-1.1920928955078125e-07,709546.6314453125
499712,403,100.0,-10100.55577262,61,1238,600,-1.2269029971212149,0.000659079,0.000390625,0.2,0.0003,132969.25,0.8191440105438232,-0.00013561822051997297,0.0,691881.6931640625
507904,410,100.0,-10038.6930233,62,1238,610,-1.218919550254941,0.0023837087,0.0130859375,0.2,0.0003,138844.4375,0.8184854984283447,-0.0011077862418460427,0.0,699856.7912109375
516096,416,100.0,-9969.28100939,63,1238,620,-1.2117199040949345,0.0016902208,0.007421875,0.2,0.0003,134150.921875,0.8076456785202026,-0.000691724492207868,-1.1920928955078125e-07,686123.014453125
524288,423,100.0,-10044.39677741,64,1238,630,-1.2058499880135058,0.002339473,0.0105712890625,0.2,0.0003,130306.9453125,0.8075810670852661,-0.0009196890281600645,0.0,675373.3287109375
532480,430,100.0,-9972.91157646,65,1238,640,-1.2025009986013173,0.0035657207,0.0163818359375,0.2,0.0003,135090.21875,0.8040090203285217,-0.0012979612845811061,0.0,689586.6412109375
540672,436,100.0,-10010.233880630001,66,1238,650,-1.200602075457573,0.002906119,0.0041259765625,0.2,0.0003,133458.296875,0.8029166460037231,-0.0002035539106145734,-1.1920928955078125e-07,672351.8677734375
548864,443,100.0,-9985.46846261,67,1237,660,-1.1998634666204453,0.0020161276,0.00740966796875,0.2,0.0003,134042.84375,0.8029711246490479,-0.0005972578997898381,-1.1920928955078125e-07,681611.4818359375
557056,450,100.0,-10015.934570020001,68,1236,670,-1.1990418158471585,0.001644064,0.00555419921875,0.2,0.0003,133769.796875,0.8012783527374268,-0.00039822880135034213,0.0,673654.709765625
565248,457,100.0,-9982.963476460001,69,1235,680,-1.1927154708653689,0.0038450984,0.0218994140625,0.2,0.0003,132355.671875,0.7942414283752441,-0.0018898685593740083,5.960464477539063e-08,680346.8517578125
573440,464,100.0,-9946.01855909,70,1234,690,-1.1892696231603623,0.0017941364,0.00699462890625,0.2,0.0003,134402.71875,0.7936347723007202,-0.0010333692167478147,5.960464477539063e-08,670693.742578125
581632,471,100.0,-9926.57365454,71,1233,700,-1.1836126629263162,0.002253782,0.0098876953125,0.2,0.0003,131539.25,0.7863668203353882,-0.0008445702307653847,0.0,667352.137890625
589824,478,100.0,-9965.766659339999,72,1232,710,-1.177611543238163,0.003064301,0.016259765625,0.2,0.0003,130110.5234375,0.7836787104606628,-0.0011510396303492597,0.0,661759.1009765625
598016,485,100.0,-9918.49076557,73,1232,720,-1.1724013548344374,0.0016843337,0.0057373046875,0.2,0.0003,129641.640625,0.7791117429733276,-0.0005468819850648288,5.960464477539063e-08,668621.4009765625
606208,492,100.0,-9957.27786189,74,1231,730,-1.1662282772362231,0.0019654369,0.01370849609375,0.2,0.0003,127525.3203125,0.7744172215461731,-0.00142572923869011,0.0,659342.35546875
614400,499,100.0,-9921.43337628,75,1230,740,-1.1634599715471268,0.0028753276,0.01129150390625,0.2,0.0003,130211.671875,0.7738747596740723,-0.0007754705526167527,-1.1920928955078125e-07,667315.5642578125
622592,506,100.0,-9973.933456920002,76,1229,750,-1.1593949515372515,0.0042293593,0.02177734375,0.2,0.0003,130407.9609375,0.7693276405334473,-0.0012973018227057764,-1.1920928955078125e-07,657365.5611328125
630784,513,100.0,-10011.727993969998,77,1228,760,-1.1602209623903037,0.0015258647,0.00169677734375,0.2,0.0003,130452.9921875,0.7735346555709839,-5.5343339045066384e-05,1.7881393432617188e-07,669443.522265625
638976,520,100.0,-10075.03773021,78,1228,770,-1.15486699976027,0.0037776674,0.02012939453125,0.2,0.0003,134436.03125,0.764279842376709,-0.001191870572802145,5.960464477539063e-08,671176.1873046875
647168,527,100.0,-10131.21018386,79,1227,780,-1.1473223399370909,0.0012010653,0.0006591796875,0.2,0.0003,135251.296875,0.7598994374275208,1.2243815217516384e-05,-1.1920928955078125e-07,683332.96015625
655360,534,100.0,-10088.31611556,80,1226,790,-1.1421648874878882,0.0015341272,0.004443359375,0.2,0.0003,138015.703125,0.7563396096229553,-0.0002267476222186815,-1.1920928955078125e-07,688287.2681640625
663552,541,100.0,-10058.108541829999,81,1226,800,-1.1396597515791655,0.0013051631,0.0044677734375,0.2,0.0003,132250.578125,0.7558891773223877,-0.000431304749508854,0.0,678383.13359375
671744,548,100.0,-10135.41718626,82,1225,810,-1.1360802710056306,0.0040576346,0.022509765625,0.2,0.0003,133534.15625,0.7525007128715515,-0.0015125362784601747,0.0,673361.432421875
679936,555,100.0,-10221.630130559999,83,1224,820,-1.1303905200213193,0.0021029932,0.01221923828125,0.2,0.0003,135199.421875,0.7458434104919434,-0.0007319870379433269,0.0,687993.8115234375
688128,562,100.0,-10223.082084700001,84,1224,830,-1.1275144554674625,0.0019869513,0.00628662109375,0.2,0.0003,139066.09375,0.747286319732666,-0.0001983326717891032,0.0,701475.3201171875
696320,569,100.0,-10244.992707110001,85,1223,840,-1.1300624102354049,0.0008945872,0.001611328125,0.2,0.0003,141159.921875,0.7503784894943237,-0.0001797529428586131,0.0,695245.7998046875
704512,575,100.0,-10221.106191359999,86,1223,850,-1.123953064158559,0.0016930449,0.0024658203125,0.2,0.0003,134127.59375,0.7392817735671997,-0.0002901173727877904,0.0,701047.8587890625
712704,582,100.0,-10237.097846519999,87,1222,860,-1.1251710530370473,0.0009867899,0.0035400390625,0.2,0.0003,136079.0625,0.7497003078460693,-0.0005844983970746398,0.0,695164.5546875
720896,589,100.0,-10145.42898274,88,1221,870,-1.1246007043868302,0.003734266,0.01082763671875,0.2,0.0003,136909.828125,0.7411555647850037,-0.0007607631778228097,0.0,698559.7892578125
729088,596,100.0,-10141.746619540001,89,1221,880,-1.1143006667494775,0.0014042063,0.00142822265625,0.2,0.0003,134773.359375,0.733684778213501,-0.000168900246717385,0.0,679514.3103515625
737280,603,100.0,-10231.20685734,90,1220,890,-1.109961374476552,0.0033090957,0.01474609375,0.2,0.0003,133893.71875,0.7333285212516785,-0.00150532588668284,0.0,682667.746875
745472,610,100.0,-10178.364543770002,91,1220,900,-1.1057558499276638,0.0027209637,0.01278076171875,0.2,0.0003,139412.40625,0.7300775051116943,-0.0007644452864042251,0.0,697003.5390625
753664,617,100.0,-10105.729052110002,92,1219,910,-1.1051559738814831,0.0024234157,0.00572509765625,0.2,0.0003,133671.328125,0.7304335832595825,-0.00027916640901821667,0.0,680663.679296875
761856,624,100.0,-10114.36688791,93,1219,920,-1.0892384331673384,0.0010258597,0.00157470703125,0.2,0.0003,132746.453125,0.7085967659950256,-0.0005932865860813763,0.0,668956.6478515625
770048,631,100.0,-10101.62116674,94,1218,930,-1.0751170348376036,0.0012438402,0.003759765625,0.2,0.0003,132074.109375,0.7093241214752197,-0.0003041651165403891,-1.1920928955078125e-07,672947.9953125
778240,638,100.0,-10115.501349330001,95,1218,940,-1.0732734177261591,0.0022726434,0.006591796875,0.2,0.0003,133545.65625,0.7065721750259399,-0.00040122752707247853,0.0,669437.96875
786432,645,100.0,-10090.05691674,96,1218,950,-1.0757954016327858,0.0018933984,0.0076904296875,0.2,0.0003,129776.5859375,0.7117428183555603,-0.0006486561826022808,0.0,672917.1986328125
794624,652,100.0,-10092.488316950003,97,1217,960,-1.0824337791651488,0.001746745,0.0107421875,0.2,0.0003,131896.015625,0.7163829207420349,-0.000735733778856229,0.0,665346.27421875
802816,659,100.0,-10058.058121,98,1217,970,-1.0775175865739584,0.0025385998,0.0056884765625,0.2,0.0003,129004.5625,0.7061976194381714,-0.0005770307834609412,0.0,667193.0970703125
811008,666,100.0,-10029.868083100002,99,1216,980,-1.0664894416928292,0.0019521755,0.01761474609375,0.2,0.0003,126892.765625,0.6999215483665466,-0.001535706897993805,5.960464477539063e-08,657832.4830078125
819200,673,100.0,-9964.13981604,100,1216,990,-1.0573968678712844,0.002993456,0.01129150390625,0.2,0.0003,128347.0234375,0.6943198442459106,-0.0008057442701101536,5.960464477539063e-08,655554.4669921875
827392,680,100.0,-9982.247643079998,101,1215,1000,-1.0427162002772092,0.0022391793,0.01435546875,0.2,0.0003,127243.4375,0.679707944393158,-0.0009538367918139557,-1.1920928955078125e-07,644447.236328125
835584,687,100.0,-10005.974072330002,102,1215,1010,-1.029341757670045,0.0013329814,0.00594482421875,0.2,0.0003,128653.421875,0.6755736470222473,-0.0004749819425342139,0.0,648120.2884765625
843776,694,100.0,-9968.808709539999,103,1214,1020,-1.0226879395544528,0.004003331,0.01978759765625,0.2,0.0003,125688.90625,0.670559287071228,-0.00117406384088099,-1.1920928955078125e-07,649574.690234375
851968,701,100.0,-9942.669015840002,104,1214,1030,-1.0165973655879497,0.0009337072,0.0013427734375,0.2,0.0003,128090.046875,0.6680260896682739,-5.896067559660878e-05,0.0,639742.1552734375
860160,708,100.0,-9963.2571723,105,1214,1040,-1.0170343440026044,0.0010278048,0.00079345703125,0.2,0.0003,125117.96875,0.6703783273696899,5.9238468020339495e-05,5.960464477539063e-08,636877.51328125
868352,715,100.0,-9995.819708750001,106,1213,1050,-1.013245751336217,0.0021531018,0.00921630859375,0.2,0.0003,125804.4375,0.6641034483909607,-0.000549933369984501,0.0,639739.734765625
876544,722,100.0,-10005.27884228,107,1213,1060,-1.0068114429712296,0.0006468351,7.32421875e-05,0.2,0.0003,124129.84375,0.6604403257369995,4.685542298830114e-05,0.0,644999.3203125
884736,729,100.0,-10042.54722534,108,1212,1070,-1.0025982029736042,0.0037139663,0.0159912109375,0.2,0.0003,126909.4609375,0.6582351922988892,-0.0009775869591976516,-1.1920928955078125e-07,645449.5302734375
892928,736,100.0,-10064.318087109998,109,1212,1080,-1.0043420981615783,0.0022040354,0.00728759765625,0.2,0.0003,124079.8203125,0.6622312068939209,-0.0005695705083780922,0.0,650592.24765625
901120,743,100.0,-10079.077096500001,110,1212,1090,-1.0110006853938103,0.0019709296,0.00716552734375,0.2,0.0003,129792.75,0.6660157442092896,-0.00053184542193776,0.0,652159.28828125
909312,750,100.0,-10084.407558879999,111,1211,1100,-1.0104940112680196,0.0016376231,0.00333251953125,0.2,0.0003,127597.3359375,0.663237452507019,-0.00021290078875608743,0.0,653466.1015625
917504,757,100.0,-10090.478826800001,112,1211,1110,-1.005216308310628,0.000918631,0.002392578125,0.2,0.0003,130213.875,0.6596916913986206,-0.0003085377888055518,0.0,653598.1955078125
925696,764,100.0,-10033.58922082,113,1211,1120,-0.993984280899167,0.004085743,0.02266845703125,0.2,0.0003,128999.0859375,0.6491472125053406,-0.0018667909807845717,0.0,653992.3248046875
933888,771,100.0,-10045.66724952,114,1210,1130,-0.9804410945624114,0.0014400996,0.00343017578125,0.2,0.0003,126896.8515625,0.6407796144485474,-0.00043015539886255284,0.0,641681.8271484375
942080,777,100.0,-10087.23105325,115,1211,1140,-0.962583458609879,0.0029269073,0.0190185546875,0.2,0.0003,126211.5078125,0.6283208131790161,-0.0014136959121969993,0.0,647356.1927734375
950272,784,100.0,-10098.067312539999,116,1211,1150,-0.9507223460823298,0.0020731576,0.0051025390625,0.2,0.0003,132271.765625,0.6246213912963867,-0.00025079875995288604,0.0,649239.6748046875
958464,791,100.0,-10148.16316389,117,1211,1160,-0.9453310014680028,0.0018100038,0.005859375,0.2,0.0003,125770.5078125,0.6208287477493286,-0.0003020768905116711,0.0,651391.065625
966656,797,100.0,-10188.871954299999,118,1211,1170,-0.9390430999919772,0.003282051,0.01376953125,0.2,0.0003,133401.90625,0.6175940632820129,-0.0011434304076828993,0.0,658613.23515625
974848,804,100.0,-10244.980284300002,119,1211,1180,-0.9291929997503757,0.0026644454,0.01822509765625,0.2,0.0003,129408.7578125,0.6090027689933777,-0.0012041053123539314,0.0,662591.746484375
983040,811,100.0,-10258.18318672,120,1212,1190,-0.911391700990498,0.0027998402,0.012744140625,0.2,0.0003,133199.09375,0.596229076385498,-0.0012285530829103664,5.960464477539063e-08,671701.7990234375
991232,817,100.0,-10316.82055726,121,1212,1200,-0.9025915445759892,0.0016087994,0.01431884765625,0.2,0.0003,132088.984375,0.5970686674118042,-0.0009679244882136118,0.0,669583.6859375
999424,824,100.0,-10272.357701189998,122,1212,1210,-0.8993318662047386,0.0033644359,0.01131591796875,0.2,0.0003,134877.484375,0.5936128497123718,-0.0006339482839393895,0.0,680808.624609375
1007616,830,100.0,-10192.64413264,123,1212,1220,-0.8932014549151063,0.0022220109,0.01837158203125,0.2,0.0003,132362.296875,0.589834988117218,-0.0010773415331641445,-1.1920928955078125e-07,669079.18203125
1015808,837,100.0,-10131.954372209999,124,1212,1230,-0.884214324131608,0.0032353736,0.01253662109375,0.2,0.0003,132770.734375,0.5827727317810059,-0.0007095263237715699,-1.1920928955078125e-07,656974.9248046875
1024000,844,100.0,-10154.94235242,125,1213,1240,-0.8735828701406717,0.003942215,0.02860107421875,0.2,0.0003,128491.8203125,0.5777021646499634,-0.001822207095756312,0.0,647437.8732421875
1032192,850,100.0,-10187.86603527,126,1213,1250,-0.865740135870874,0.0013610614,0.00462646484375,0.2,0.0003,127708.4921875,0.5736619234085083,-0.0001400837441906333,-1.1920928955078125e-07,652376.5095703125
1040384,857,100.0,-10199.43547863,127,1213,1260,-0.8566512808203697,0.00056493946,0.00511474609375,0.2,0.0003,129638.2265625,0.5667546391487122,-0.00012049533252138645,0.0,656543.1611328125
1048576,864,100.0,-10215.95796613,128,1213,1270,-0.8451233064755798,0.0013549189,0.00435791015625,0.2,0.0003,125949.7578125,0.5603801608085632,-0.00019779824287979864,0.0,655933.9826171875
1056768,870,100.0,-10219.7910116,129,1213,1280,-0.8338453007861972,0.0014975751,0.0077392578125,0.2,0.0003,128995.984375,0.5542324781417847,-0.0005174908506887732,0.0,658625.5013671875
1064960,877,100.0,-10231.475909429999,130,1213,1290,-0.8199813826009631,0.0038898275,0.02615966796875,0.2,0.0003,126427.984375,0.5465044975280762,-0.0017575822879734916,5.960464477539063e-08,657035.8158203125
1073152,883,100.0,-10266.756742040001,131,1214,1300,-0.8133125841617584,0.0017099131,0.004638671875,0.2,0.0003,130955.2109375,0.5448869466781616,-8.566899778088555e-05,0.0,658294.78359375
1081344,890,100.0,-10220.438994740001,132,1214,1310,-0.8106436813250184,0.0033724797,0.014453125,0.2,0.0003,126550.78125,0.5436428189277649,-0.0009353662426292431,0.0,662328.2986328125
1089536,897,100.0,-10180.288619859999,133,1214,1320,-0.8060240937396884,0.002312503,0.0127685546875,0.2,0.0003,128461.1640625,0.5401493310928345,-0.0003177536782459356,0.0,652287.7474609375
1097728,903,100.0,-10109.94417492,134,1214,1330,-0.7976140219718217,0.0030438085,0.0210205078125,0.2,0.0003,133851.578125,0.5349843502044678,-0.001203433224145556,0.0,646164.9298828125
1105920,910,100.0,-10127.60220429,135,1214,1340,-0.7907533887773752,0.0015511857,0.0030029296875,0.2,0.0003,123452.546875,0.5317360162734985,-2.2922286007087678e-06,0.0,635506.990625
1114112,917,100.0,-10119.64963755,136,1214,1350,-0.7741825478151441,0.0010212567,0.00537109375,0.2,0.0003,127237.796875,0.5183799266815186,-0.0005858016127604059,0.0,640193.32734375
1122304,923,100.0,-10122.72100666,137,1215,1360,-0.759736773185432,0.0015738653,0.00533447265625,0.2,0.0003,125917.40625,0.5167129039764404,-0.0002719587722822325,0.0,637378.6765625
1130496,930,100.0,-10143.186492699999,138,1215,1370,-0.76257975846529,0.0006910078,0.0062255859375,0.2,0.0003,124061.34375,0.5208825469017029,-0.00023913422191981226,0.0,636008.853515625
1138688,936,100.0,-10153.55305036,139,1215,1380,-0.7716564368456602,0.0015577793,0.00977783203125,0.2,0.0003,125451.25,0.5250385999679565,-0.0007649465773283737,-1.1920928955078125e-07,639594.9783203125
1146880,943,100.0,-10173.222637089999,140,1215,1390,-0.7707018172368407,0.0035101916,0.0157470703125,0.2,0.0003,125208.21875,0.5215583443641663,-0.0012975830912182573,-1.1920928955078125e-07,638985.7529296875
1155072,950,100.0,-10155.24956118,141,1215,1400,-0.7568393053486944,0.0016509137,0.00396728515625,0.2,0.0003,121880.703125,0.5108703374862671,-0.0003522410523146391,0.0,642100.8068359375
1163264,956,100.0,-10207.8754885,142,1215,1410,-0.74415338113904,0.0032055182,0.02093505859375,0.2,0.0003,126876.921875,0.5083233714103699,-0.001345770605985308,0.0,636959.5330078125
1171456,963,100.0,-10277.64833678,143,1215,1420,-0.7384903602302074,0.003017703,0.01595458984375,0.2,0.0003,124666.09375,0.504584789276123,-0.001126020186347887,-1.1920928955078125e-07,645202.8953125
1179648,970,100.0,-10261.01029939,144,1216,1430,-0.7345733905211091,0.0024193865,0.00787353515625,0.2,0.0003,127754.1171875,0.5039640069007874,-0.0003853842390526552,0.0,655257.7556640625
1187840,976,100.0,-10208.901575839998,145,1216,1440,-0.7307182855904102,0.001669306,0.01380615234375,0.2,0.0003,129777.390625,0.5023012161254883,-0.0006219732968020253,-1.1920928955078125e-07,650892.9685546875
1196032,983,100.0,-10204.29801745,146,1216,1450,-0.7212205566465855,0.0033407472,0.01483154296875,0.2,0.0003,125105.84375,0.4942176043987274,-0.0008210336971387732,0.0,639423.3873046875
1204224,989,100.0,-10263.45089444,147,1216,1460,-0.7096184270456434,0.00363645,0.026123046875,0.2,0.0003,125686.3828125,0.4900481104850769,-0.001555961475969525,0.0,641165.4162109375
1212416,996,100.0,-10285.269280929999,148,1216,1470,-0.7038551915436984,0.0012425848,0.01700439453125,0.2,0.0003,128825.5859375,0.48815250396728516,-0.0008470991691865492,0.0,648637.778515625
1220608,1003,100.0,-10337.0800117,149,1216,1480,-0.7011615781113505,0.0021560718,0.0116943359375,0.2,0.0003,128998.703125,0.4873402416706085,-0.0003565739909390686,0.0,652558.43359375
1228800,1009,100.0,-10309.49855705,150,1216,1490,-0.6983166329562664,0.003287801,0.015771484375,0.2,0.0003,132500.1875,0.48619335889816284,-0.0007537462610343937,0.0,660552.2732421875
1236992,1016,100.0,-10323.732915519999,151,1216,1500,-0.6930090799927712,0.0031332972,0.01708984375,0.2,0.0003,127931.5078125,0.4819954037666321,-0.0014108409413893241,0.0,650555.1443359375
1245184,1023,100.0,-10302.79164325,152,1217,1510,-0.6889007339254022,0.0006571037,0.00665283203125,0.2,0.0003,126881.6171875,0.4820950925350189,0.0002279359396197833,0.0,655637.5001953125
1253376,1029,100.0,-10265.73090857,153,1217,1520,-0.6807245621457696,0.0024679864,0.015234375,0.2,0.0003,128275.71875,0.47459059953689575,-0.0005657380250340793,0.0,649287.50390625
1261568,1036,100.0,-10208.94669252,154,1217,1530,-0.6664913602173328,0.0016437763,0.00770263671875,0.2,0.0003,122773.2578125,0.46889129281044006,-0.00018684349488466977,0.0,642855.9064453125
1269760,1042,100.0,-10235.06817103,155,1217,1540,-0.6560527743771672,0.0041258996,0.0119873046875,0.2,0.0003,126701.1484375,0.46482184529304504,-0.00013579205333371646,0.0,634603.9740234375
1277952,1049,100.0,-10273.47858254,156,1217,1550,-0.6531925609335303,0.0017622974,0.00810546875,0.2,0.0003,122875.1875,0.46482014656066895,8.478060772176832e-06,0.0,636752.862109375
1286144,1056,100.0,-10236.26247429,157,1217,1560,-0.6499387111514807,0.0030147552,0.02689208984375,0.2,0.0003,124178.4921875,0.4620828330516815,-0.0013696670524950606,0.0,641792.166015625
1294336,1062,100.0,-10220.31305065,158,1217,1570,-0.638805415853858,0.0034009488,0.0125,0.2,0.0003,126623.7734375,0.4550216794013977,-0.00044779189956898333,0.0,634216.641796875
1302528,1069,100.0,-10186.905287959999,159,1217,1580,-0.628559154458344,0.0031393664,0.01771240234375,0.2,0.0003,124579.5234375,0.4528888463973999,-0.0007586053900013213,0.0,632611.91875
1310720,1076,100.0,-10144.31463673,160,1218,1590,-0.6239287568256259,0.0016946879,0.00701904296875,0.2,0.0003,126140.078125,0.44983604550361633,-0.00013748953151662135,0.0,624672.61484375
1318912,1082,100.0,-10166.234202610001,161,1218,1600,-0.6207193728536368,0.00399757,0.02735595703125,0.2,0.0003,121189.78125,0.4506228566169739,-0.0009754613718541804,0.0,618124.9025390625
1327104,1089,100.0,-10159.96292574,162,1218,1610,-0.6154761964455246,0.0020104619,0.00716552734375,0.2,0.0003,121467.8125,0.445220947265625,0.00010630742035573348,1.7881393432617188e-07,624474.8755859375
1335296,1095,100.0,-10181.12550223,163,1218,1620,-0.6057180959731341,0.0029982415,0.02225341796875,0.2,0.0003,123993.515625,0.44167810678482056,-0.0012011856350000016,0.0,619681.1037109375
1343488,1102,100.0,-10211.00346145,164,1218,1630,-0.5934278899803758,0.002837211,0.0134033203125,0.2,0.0003,119207.4140625,0.4349749684333801,-0.0006287266789513524,5.960464477539063e-08,625217.39609375
1351680,1109,100.0,-10185.23896854,165,1218,1640,-0.5841599613428116,0.0029524828,0.010791015625,0.2,0.0003,121668.2421875,0.4327806532382965,-0.00029980046601849606,0.0,628627.35859375
1359872,1115,100.0,-10237.1208087,166,1218,1650,-0.5825784247368574,0.0006104023,0.01376953125,0.2,0.0003,125358.8125,0.43338677287101746,-0.0004189673261862481,0.0,621506.7275390625
1368064,1122,100.0,-10272.87178656,167,1218,1660,-0.5844374373555183,0.0013547542,0.00679931640625,0.2,0.0003,124180.3515625,0.4345606565475464,0.0003003208119480405,0.0,630701.94765625
1376256,1129,100.0,-10177.89844373,168,1218,1670,-0.5797222130000591,0.0032895803,0.02354736328125,0.2,0.0003,126445.2734375,0.4303067922592163,-0.0012544503901153804,0.0,635203.2744140625
1384448,1136,100.0,-10220.73162022,169,1218,1680,-0.5723331330344081,0.0028932763,0.022509765625,0.2,0.0003,121888.4375,0.4277074337005615,-0.0013241098688013154,0.0,615037.0138671875
1392640,1143,100.0,-10278.00389728,170,1217,1690,-0.567162293754518,0.0031746374,0.0125732421875,0.2,0.0003,127200.5390625,0.4263261556625366,-0.0005059216506197117,0.0,625514.592578125
1400832,1150,100.0,-10259.2162852,171,1217,1700,-0.5686435982584953,0.00186085,0.0103759765625,0.2,0.0003,123250.4609375,0.4286896586418152,-8.567260374547914e-05,0.0,633268.65
1409024,1157,100.0,-10216.59032902,172,1217,1710,-0.564074563793838,0.0022504795,0.0135986328125,0.2,0.0003,125515.5078125,0.4226326048374176,-0.0004893557161267381,0.0,626567.270703125
1417216,1164,100.0,-10208.86243886,173,1216,1720,-0.5556427624076605,0.0022396198,0.0132568359375,0.2,0.0003,120657.15625,0.4203933775424957,-0.00034207094067824074,-1.1920928955078125e-07,618226.7732421875
1425408,1171,100.0,-10224.81029699,174,1216,1730,-0.5491876114159823,0.0025005369,0.01806640625,0.2,0.0003,125700.6875,0.4176534414291382,-0.0009468519245274365,0.0,618052.6240234375
1433600,1178,100.0,-10158.027907750002,175,1216,1740,-0.5431713623926043,0.000692391,0.01531982421875,0.2,0.0003,119942.21875,0.4155784845352173,-0.0003680780511785997,0.0,620344.08984375
1441792,1185,100.0,-10183.95468289,176,1216,1750,-0.5386967035010457,0.0012130118,0.00484619140625,0.2,0.0003,119800.5546875,0.4137614071369171,-0.00010905859198828693,0.0,609306.4736328125
1449984,1192,100.0,-10168.00105007,177,1215,1760,-0.5311292069032788,0.0021478217,0.021044921875,0.2,0.0003,119884.921875,0.4092244803905487,-0.0009643700515880483,-1.1920928955078125e-07,613424.098828125
1458176,1199,100.0,-10165.293986390001,178,1215,1770,-0.5199117993935942,0.0023194714,0.01671142578125,0.2,0.0003,120732.9609375,0.4053133428096771,-0.0011599664998357185,0.0,609068.9025390625
1466368,1206,100.0,-10174.880900420001,179,1215,1780,-0.5163590189069509,0.0019028968,0.016845703125,0.2,0.0003,122961.8125,0.40568631887435913,-0.000614575071449508,0.0,606731.982421875
1474560,1213,100.0,-10170.85452239,180,1215,1790,-0.5114605735987425,0.0009415221,0.0025146484375,0.2,0.0003,119758.4609375,0.4015924334526062,6.932428950676695e-05,0.0,607129.251953125
1482752,1220,100.0,-10164.194786560001,181,1214,1800,-0.5027098458260297,0.0025753337,0.019921875,0.2,0.0003,119007.4375,0.3989037275314331,-0.0010277400633640354,0.0,605891.875
1490944,1227,100.0,-10122.581358309999,182,1214,1810,-0.4955257983878255,0.003061047,0.01971435546875,0.2,0.0003,118202.6484375,0.39597398042678833,-0.0007762953209748957,0.0,605327.3150390625
1499136,1234,100.0,-10126.38086859,183,1214,1820,-0.4863336246460676,0.001380853,0.00850830078125,0.2,0.0003,115458.734375,0.3911702632904053,-0.0001578275543579366,0.0,597485.1802734375
1507328,1241,100.0,-10121.62913848,184,1214,1830,-0.48100464753806593,0.0015410255,0.0166259765625,0.2,0.0003,111441.171875,0.39220619201660156,-0.0004814620486286003,0.0,597266.663671875
1515520,1248,100.0,-10140.454903310001,185,1214,1840,-0.47568382434546946,0.002709291,0.01326904296875,0.2,0.0003,118859.2265625,0.3871729373931885,-0.00034160404720751103,0.0,595639.378515625
1523712,1255,100.0,-10151.15364581,186,1213,1850,-0.4713461646810174,0.0031433199,0.02025146484375,0.2,0.0003,120870.859375,0.3884080648422241,-0.0015135504265344935,0.0,600365.359375
1531904,1262,100.0,-10211.482926409999,187,1213,1860,-0.46732453219592573,0.0019098372,0.02860107421875,0.2,0.0003,116307.3515625,0.3846299350261688,-0.0020234185467415955,0.0,599962.0779296875
1540096,1269,100.0,-10282.665714129998,188,1213,1870,-0.4557516500353813,0.0032266036,0.01986083984375,0.2,0.0003,119041.4609375,0.3795029819011688,-0.0012658166317123687,0.0,611072.5423828125
1548288,1276,100.0,-10341.3544878,189,1213,1880,-0.44269603714346883,0.0021745814,0.020166015625,0.2,0.0003,122739.9140625,0.37424635887145996,-0.0006467995997809339,0.0,619931.146875
1556480,1283,100.0,-10458.680684680001,190,1213,1890,-0.4382575952447951,0.0016381879,0.0107666015625,0.2,0.0003,125298.71875,0.37597277760505676,-8.626356939203105e-05,0.0,626263.3125
1564672,1289,100.0,-10395.4835154,191,1213,1900,-0.43622151520103214,0.0047588246,0.04193115234375,0.2,0.0003,126832.5859375,0.37279370427131653,-0.0020725319871417016,0.0,643324.898046875
1572864,1296,100.0,-10273.81747396,192,1212,1910,-0.43240942135453225,0.0027973687,0.0291259765625,0.2,0.0003,122683.296875,0.3729884624481201,-0.0006624815778195625,0.0,629191.7796875
1581056,1303,100.0,-10225.53522399,193,1212,1920,-0.43068350460380317,0.0026774993,0.01697998046875,0.2,0.0003,116222.765625,0.37088072299957275,-6.413343689928296e-05,0.0,608061.56484375
1589248,1310,100.0,-10192.01018771,194,1212,1930,-0.4297524718567729,0.0010818699,0.01048583984375,0.2,0.0003,118400.5,0.3725759983062744,-6.230598919501062e-05,-1.1920928955078125e-07,602988.859375
1597440,1317,100.0,-10220.23347544,195,1212,1940,-0.43041324950754645,0.0025173277,0.0154052734375,0.2,0.0003,117399.1171875,0.37104955315589905,-0.0005775120262114797,0.0,599891.601953125
1605632,1324,100.0,-10118.338273669999,196,1212,1950,-0.4269156613387167,0.0023369333,0.01221923828125,0.2,0.0003,118844.34375,0.370511531829834,-0.0001510727721324656,0.0,601530.487109375
1613824,1331,100.0,-10121.73681667,197,1212,1960,-0.4265379559248686,0.0042580552,0.02232666015625,0.2,0.0003,110961.3125,0.37127843499183655,-0.0005855483133927919,0.0,582240.183203125
1622016,1338,100.0,-10106.9694304,198,1212,1970,-0.4229025733657181,0.002691133,0.0137939453125,0.2,0.0003,119963.0,0.36782920360565186,-0.0005433976859421819,0.0,587728.8890625
1630208,1345,100.0,-10112.515295019999,199,1212,1980,-0.4147051417268813,0.0018716082,0.01444091796875,0.2,0.0003,114309.8828125,0.3650546967983246,-0.00018944315670523792,0.0,582213.5279296875
1638400,1351,100.0,-10150.845584179999,200,1211,1990,-0.41228603627532723,0.0018943086,0.01641845703125,0.2,0.0003,112221.5625,0.3656729459762573,-0.0005282902871840634,0.0,584507.3431640625
1646592,1358,100.0,-10123.387783139999,201,1211,2000,-0.4138663557358086,0.0015693196,0.01402587890625,0.2,0.0003,115590.7421875,0.36574655771255493,-0.000440420172890299,0.0,588708.2859375
1654784,1365,100.0,-10172.508194190003,202,1211,2010,-0.4182668024674058,0.0019736383,0.018701171875,0.2,0.0003,115881.015625,0.36951136589050293,-0.0009246509693184634,0.0,584415.7671875
1662976,1372,100.0,-10238.53308643,203,1211,2020,-0.4236144877970219,0.0028086193,0.0314208984375,0.2,0.0003,113091.90625,0.3698449730873108,-0.0014267308033595327,0.0,592737.3154296875
1671168,1379,100.0,-10211.96385477,204,1211,2030,-0.4244661252014339,0.0015322247,0.00548095703125,0.2,0.0003,119912.90625,0.36968597769737244,0.0003122323723800946,0.0,600346.6173828125
1679360,1386,100.0,-10256.175216099999,205,1211,2040,-0.42492977464571596,0.0016254834,0.006689453125,0.2,0.0003,116564.40625,0.37043845653533936,0.0001555295799334999,0.0,593192.3208984375
1687552,1392,100.0,-10290.54217043,206,1211,2050,-0.42213729182258247,0.0021412505,0.01116943359375,0.2,0.0003,115283.7265625,0.3678448796272278,0.0004118946322705597,-1.1920928955078125e-07,597944.35234375
1695744,1399,100.0,-10196.41220929,207,1211,2060,-0.41719515193253753,0.002995026,0.01820068359375,0.2,0.0003,120549.640625,0.3666839301586151,-0.000377202662275522,0.0,603667.487890625
1703936,1406,100.0,-10124.63328334,208,1211,2070,-0.4088361594825983,0.001990662,0.01573486328125,0.2,0.0003,117910.78125,0.36234867572784424,-0.0008673312471728422,-1.1920928955078125e-07,583290.898046875
1712128,1413,100.0,-10013.779088809997,209,1211,2080,-0.39970167269930246,0.003051903,0.02415771484375,0.2,0.0003,113217.0546875,0.36023855209350586,-0.00047014646297611763,0.0,574246.2220703125
1720320,1420,100.0,-10012.37052368,210,1211,2090,-0.39072654098272325,0.0032051113,0.0231689453125,0.2,0.0003,108583.890625,0.3556530475616455,-0.001605286285484908,0.0,560829.2455078125
1728512,1427,100.0,-10003.872509109999,211,1211,2100,-0.3809394344687462,0.00295585,0.01815185546875,0.2,0.0003,107891.4765625,0.35304495692253113,-0.0003566466893971665,-1.1920928955078125e-07,561748.9919921875
1736704,1433,100.0,-9953.97988148,212,1211,2110,-0.377419863268733,0.0015335116,0.01392822265625,0.2,0.0003,111187.7890625,0.3532848060131073,0.00014846517151454464,0.0,559453.7290039062
1744896,1440,100.0,-9979.96149802,213,1211,2120,-0.3716289963573217,0.0025426592,0.02003173828125,0.2,0.0003,107076.375,0.3488982021808624,-0.00046822990734654015,0.0,551787.9422851562
1753088,1447,100.0,-9979.672525490001,214,1211,2130,-0.36385811045765876,0.0028179474,0.019482421875,0.2,0.0003,112166.515625,0.347789466381073,-0.0004900061350781471,5.960464477539063e-08,557609.5203125
1761280,1454,100.0,-9950.417308609998,215,1211,2140,-0.3588044811040163,0.0036927606,0.0265869140625,0.2,0.0003,106493.5234375,0.3451468348503113,-0.0009525739922537468,0.0,552953.0865234375
1769472,1460,100.0,-9996.76944493,216,1211,2150,-0.35680052191019057,0.0037288712,0.0208740234375,0.2,0.0003,107690.0078125,0.34652256965637207,-0.0003429331078223186,0.0,547606.0283203125
1777664,1467,100.0,-10004.108050499999,217,1211,2160,-0.35842935666441916,0.001571471,0.0099365234375,0.2,0.0003,109624.84375,0.3460197448730469,5.959518748568371e-05,0.0,558387.7732421875
1785856,1473,100.0,-9944.133429779999,218,1211,2170,-0.3544195134192705,0.002189012,0.0115478515625,0.2,0.0003,108678.9921875,0.3439633250236511,-0.00015932601017993876,0.0,553691.1458984375
1794048,1480,100.0,-9956.18384032,219,1212,2180,-0.35295988582074644,0.001795525,0.01212158203125,0.2,0.0003,109376.6953125,0.34467941522598267,-8.237777274189284e-05,0.0,546841.0150390625
1802240,1486,100.0,-10062.24372399,220,1212,2190,-0.34865059405565263,0.0028246227,0.024169921875,0.2,0.0003,107100.015625,0.341284841299057,-0.0009692404913948849,0.0,545944.3942382813
1810432,1493,100.0,-9995.95707784,221,1212,2200,-0.3471311807632446,0.0013263805,0.0118896484375,0.2,0.0003,111081.703125,0.3429322838783264,0.0007748098621959798,5.960464477539063e-08,563542.1603515625
1818624,1499,100.0,-10034.05372956,222,1212,2210,-0.3492485027760267,0.0023703761,0.0150146484375,0.2,0.0003,109593.703125,0.3432973623275757,-0.00015033454110380262,1.1920928955078125e-07,544689.7380859375
1826816,1506,100.0,-10026.20663659,223,1212,2220,-0.35674255080521106,0.0025717188,0.0177734375,0.2,0.0003,110917.53125,0.3476656675338745,-0.00025640565545472784,0.0,555562.8248046875
1835008,1512,100.0,-10038.80801385,224,1213,2230,-0.36250488422811034,0.0023792102,0.01734619140625,0.2,0.0003,109189.84375,0.3472532033920288,-0.0005668592319125309,-2.384185791015625e-07,553662.2791992187
1843200,1518,100.0,-10100.29373802,225,1213,2240,-0.3597883276641369,0.002379465,0.01705322265625,0.2,0.0003,111098.2109375,0.3459279537200928,2.372300878050737e-05,0.0,555126.8311523438
1851392,1525,100.0,-10124.44188494,226,1213,2250,-0.35307240560650827,0.0016432173,0.0128662109375,0.2,0.0003,111367.625,0.34310612082481384,0.00015829352341825142,-1.1920928955078125e-07,564041.9416015625
1859584,1531,100.0,-10050.747749,227,1213,2260,-0.3417749095708132,0.0040367036,0.0215087890625,0.2,0.0003,109605.9921875,0.33819013833999634,-0.001477250653988449,0.0,565859.60078125
1867776,1538,100.0,-10005.291325539998,228,1214,2270,-0.33682097122073174,0.0028903566,0.01949462890625,0.2,0.0003,106950.640625,0.3394879996776581,-0.0004254330306139309,0.0,546661.0016601563
1875968,1544,100.0,-10056.73215992,229,1214,2280,-0.3353713173419237,0.0025212192,0.026806640625,0.2,0.0003,105407.5078125,0.3377182185649872,-0.0008250772949395469,5.960464477539063e-08,545736.2161132812
1884160,1551,100.0,-9954.363037260002,230,1214,2290,-0.32781089246273043,0.0019772002,0.0139892578125,0.2,0.0003,107470.6796875,0.33389705419540405,-0.00074706905252242,-1.1920928955078125e-07,550876.8326171875
1892352,1557,100.0,-10214.476646699999,231,1214,2300,-0.32074317187070844,0.0030097992,0.023828125,0.2,0.0003,104149.3984375,0.3339478671550751,-0.00037931277911411597,1.7881393432617188e-07,536243.183984375
1900544,1564,100.0,-10375.851149940001,232,1214,2310,-0.32208859771490095,0.0019465035,0.0193359375,0.2,0.0003,114169.6328125,0.3337496519088745,-6.552862905664369e-05,0.0,583527.1791015625
1908736,1570,100.0,-10304.07983275,233,1215,2320,-0.31634407490491867,0.0029770005,0.017578125,0.2,0.0003,121333.09375,0.33059263229370117,-7.422385533573106e-05,5.960464477539063e-08,608550.93671875
1916928,1577,100.0,-10116.181473469998,234,1215,2330,-0.30665172077715397,0.0039038714,0.02520751953125,0.2,0.0003,111251.890625,0.3275827467441559,-0.0010121625000465428,5.960464477539063e-08,581681.233984375
1925120,1583,100.0,-10101.831459379999,235,1215,2340,-0.29767944291234016,0.00286255,0.02125244140625,0.2,0.0003,111937.7734375,0.32453662157058716,-0.0006411452814063523,0.0,556313.5966796875
1933312,1590,100.0,-9965.606424509999,236,1215,2350,-0.29552249759435656,0.003806727,0.03232421875,0.2,0.0003,110005.9375,0.3254288136959076,-0.0002968235356092919,0.0,556859.750390625
1941504,1596,100.0,-9977.13115809,237,1216,2360,-0.2923371512442827,0.001973113,0.02010498046875,0.2,0.0003,102747.859375,0.32313740253448486,-8.005632626009173e-05,0.0,531512.9561523438
1949696,1603,100.0,-9946.65202091,238,1216,2370,-0.2881475180387497,0.0037379677,0.01976318359375,0.2,0.0003,103790.2109375,0.3225041627883911,0.00020359160262160004,0.0,538773.619921875
1957888,1609,100.0,-9923.780277319998,239,1216,2380,-0.28339633606374265,0.0010423105,0.01640625,0.2,0.0003,105101.3359375,0.32017046213150024,0.00046991460185381585,0.0,530225.62578125
1966080,1616,100.0,-10172.292290370002,240,1216,2390,-0.27604208141565323,0.0034683938,0.03668212890625,0.2,0.0003,105391.8125,0.31753456592559814,-0.001193198284454411,0.0,525741.6772460938
1974272,1622,100.0,-10786.568991420001,241,1216,2400,-0.2716246422380209,0.0012324882,0.0187744140625,0.2,0.0003,111766.96875,0.31746089458465576,0.00016517331205250229,0.0,571752.095703125
1982464,1628,100.0,-10689.823791069999,242,1217,2410,-0.274508124217391,0.002622642,0.02630615234375,0.2,0.0003,166294.484375,0.3195611834526062,-0.003875550136945094,0.0,735480.851953125
1990656,1635,100.0,-10156.184561110002,243,1217,2420,-0.27902214266359804,0.002789442,0.03402099609375,0.2,0.0003,145644.109375,0.32057660818099976,-0.0003087629047513474,0.0,710563.6267578125
1998848,1641,100.0,-10520.68231959,244,1217,2430,-0.2776074815541506,0.0022282572,0.01949462890625,0.2,0.0003,119308.0859375,0.3183077275753021,-0.0007006628351518884,0.0,567362.6500976563
2007040,1648,100.0,-10714.556940160002,245,1217,2440,-0.2678764436393976,0.0032033012,0.032763671875,0.2,0.0003,145181.25,0.3146325349807739,-0.0008254186544945696,0.0,682470.605078125
2015232,1654,100.0,-10639.60366961,246,1217,2450,-0.26307998336851596,0.001875028,0.01568603515625,0.2,0.0003,130894.875,0.3147118091583252,0.00038702485398971475,0.0,662556.21796875
2023424,1661,100.0,-11455.436667000002,247,1217,2460,-0.26277988478541375,0.003530991,0.03173828125,0.2,0.0003,129999.1171875,0.3148431181907654,-0.0018760000020847656,5.960464477539063e-08,675500.28046875
2031616,1667,100.0,-11470.619516210001,248,1218,2470,-0.2696673821657896,0.003563044,0.037158203125,0.2,0.0003,168602.578125,0.3185245990753174,-0.0019029038670851151,0.0,856573.41328125
2039808,1674,100.0,-11420.586016870002,249,1218,2480,-0.27583382502198217,0.002726264,0.02230224609375,0.2,0.0003,157897.46875,0.31876885890960693,8.619084710517199e-05,-1.1920928955078125e-07,816074.5162109375
2048000,1680,100.0,-11372.973370709999,250,1218,2490,-0.27083714455366137,0.0045041875,0.03946533203125,0.2,0.0003,172384.859375,0.31605979800224304,0.00023850828229114994,-1.1920928955078125e-07,847573.4525390625
2056192,1687,100.0,-11187.068968130003,251,1218,2500,-0.2670607801526785,0.0023848466,0.02166748046875,0.2,0.0003,151265.78125,0.3158867061138153,-0.0008728817869268823,5.960464477539063e-08,755225.1755859375
2064384,1693,100.0,-10458.2147792,252,1218,2510,-0.26929120160639286,0.002984384,0.02247314453125,0.2,0.0003,168269.421875,0.3174092173576355,-0.0002321277364899288,0.0,802642.834375
2072576,1700,100.0,-10187.23030255,253,1219,2520,-0.27507084161043166,0.0023161937,0.01802978515625,0.2,0.0003,111419.671875,0.31952670216560364,-0.0009400017712323461,0.0,576829.1951171875
2080768,1706,100.0,-10022.69612948,254,1219,2530,-0.2687899149954319,0.0021751416,0.02159423828125,0.2,0.0003,105517.78125,0.31415605545043945,-0.0005970089627226116,0.0,536335.607421875
2088960,1713,100.0,-10152.590199530001,255,1219,2540,-0.2538109615445137,0.0033025427,0.03052978515625,0.2,0.0003,104290.765625,0.30968528985977173,-0.0009846236440353095,0.0,527667.7483398437
2097152,1719,100.0,-10000.66983064,256,1219,2550,-0.24399906396865845,0.0047552013,0.03428955078125,0.2,0.0003,109060.0,0.3078266978263855,-0.0007460501550667686,0.0,552933.32421875
2105344,1725,100.0,-9942.12163165,257,1219,2560,-0.23499235846102237,0.0017287299,0.0121826171875,0.2,0.0003,100610.8515625,0.3049505650997162,0.0004073033302120166,0.0,510134.86376953125
2113536,1732,100.0,-10006.096051620001,258,1219,2570,-0.22387619242072104,0.0027434065,0.03316650390625,0.2,0.0003,100609.25,0.30113521218299866,0.0003200510189344641,0.0,515748.75341796875
2121728,1738,100.0,-9947.90227439,259,1220,2580,-0.21350838132202626,0.0029871238,0.01995849609375,0.2,0.0003,104855.5546875,0.29842042922973633,-0.0001223002931510564,0.0,525887.8520507812
2129920,1745,100.0,-10029.33233707,260,1220,2590,-0.20067313872277737,0.0038330196,0.02874755859375,0.2,0.0003,103518.96875,0.29386165738105774,-0.0008619738058769144,0.0,513729.0731445312
2138112,1751,100.0,-10216.98408133,261,1220,2600,-0.1885471124202013,0.0022004833,0.02442626953125,0.2,0.0003,108958.8828125,0.29140180349349976,-0.0012707498535746709,0.0,528334.1690429688
2146304,1758,100.0,-10064.504199410001,262,1220,2610,-0.18095846548676492,0.0028531742,0.0274169921875,0.2,0.0003,109721.5,0.28847992420196533,-0.0006922833286807873,0.0,560158.508984375
2154496,1764,100.0,-10109.702265180002,263,1220,2620,-0.17284207046031952,0.0035851682,0.030859375,0.2,0.0003,100479.0078125,0.28657758235931396,-0.0002559885546361329,1.1920928955078125e-07,516128.00126953126
2162688,1771,100.0,-9991.16639803,264,1221,2630,-0.1586713556200266,0.0062973415,0.04234619140625,0.2,0.0003,104905.359375,0.2808800935745239,-0.001356971571658505,0.0,540856.6720703125
2170880,1777,100.0,-10026.93585535,265,1221,2640,-0.1485605139285326,0.0024112302,0.0259033203125,0.2,0.0003,101687.0859375,0.2802557945251465,-0.00014871970997774043,1.1920928955078125e-07,509424.1728515625
2179072,1784,100.0,-9969.706113150001,266,1221,2650,-0.1441843707114458,0.0029971423,0.0264892578125,0.2,0.0003,101355.9296875,0.2784232497215271,0.0003737484243174549,0.0,523903.9318359375
2187264,1790,100.0,-9907.79932226,267,1221,2660,-0.14273814372718335,0.0032225796,0.02901611328125,0.2,0.0003,100856.84375,0.2793669104576111,-0.00024062143475021003,0.0,507062.90859375
2195456,1797,100.0,-9859.679701119998,268,1221,2670,-0.14495657458901406,0.0029979201,0.02191162109375,0.2,0.0003,93644.078125,0.27999693155288696,0.0004531309132289607,0.0,499654.634765625
2203648,1803,100.0,-9845.7901947,269,1221,2680,-0.1470243614166975,0.0031906976,0.0369873046875,0.2,0.0003,99766.9375,0.280062198638916,-0.0007570235298771877,1.1920928955078125e-07,493334.7051757813
2211840,1810,100.0,-9885.158866990001,270,1221,2690,-0.1436559844762087,0.0026994594,0.02935791015625,0.2,0.0003,96211.796875,0.27904194593429565,-5.460617940116208e-05,1.1920928955078125e-07,491170.7381835937
2220032,1816,100.0,-9947.99693284,271,1222,2700,-0.13720783218741417,0.005011145,0.0341064453125,0.2,0.0003,94425.9609375,0.27631762623786926,-0.00024137926266121212,1.1920928955078125e-07,498401.8880859375
2228224,1823,100.0,-9964.997865880001,272,1222,2710,-0.12761022597551347,0.0034360709,0.03734130859375,0.2,0.0003,100596.234375,0.27403178811073303,-0.0022368339872627986,0.0,508838.93603515625
2236416,1829,100.0,-10011.709803740001,273,1222,2720,-0.12222936190664768,0.003035341,0.0303466796875,0.2,0.0003,101483.5703125,0.27279818058013916,-2.4939661670941858e-06,0.0,507921.5748046875
2244608,1836,100.0,-9959.76296902,274,1222,2730,-0.11109530515968799,0.00432167,0.03560791015625,0.2,0.0003,95867.0546875,0.26843520998954773,-0.0007420420544804074,-1.1920928955078125e-07,511230.6923828125
2252800,1842,100.0,-9939.502338299999,275,1222,2740,-0.0922800574451685,0.0044930205,0.0264892578125,0.2,0.0003,99004.9296875,0.26266440749168396,-0.0005272279820928815,-1.1920928955078125e-07,503312.2763671875
2260992,1848,100.0,-9922.61711428,276,1222,2750,-0.07501661404967308,0.0027768593,0.03167724609375,0.2,0.0003,97250.5625,0.25909438729286194,-0.00011436422246333678,0.0,500797.01494140626
2269184,1855,100.0,-9962.610749649999,277,1222,2760,-0.0694128569215536,0.0042578336,0.04609375,0.2,0.0003,97978.6171875,0.25931796431541443,-0.0007459680775355082,0.0,497289.0477539062
2277376,1861,100.0,-9926.0863266,278,1223,2770,-0.06953285001218319,0.0012004278,0.021875,0.2,0.0003,99710.2109375,0.25966042280197144,0.0003364230473380303,-1.1920928955078125e-07,502727.5772460938
2285568,1868,100.0,-9917.22829173,279,1223,2780,-0.07116339579224587,0.002904939,0.02327880859375,0.2,0.0003,93655.2265625,0.2597827911376953,-1.0714232485042884e-05,0.0,495910.9608398437
2293760,1874,100.0,-10149.27444773,280,1223,2790,-0.066838114336133,0.0030115526,0.0387939453125,0.2,0.0003,98817.9375,0.2581339180469513,-0.0010656583817763021,0.0,493232.69404296874
2301952,1881,100.0,-10175.537908,281,1223,2800,-0.07183145582675934,0.0015138679,0.03426513671875,0.2,0.0003,114716.6328125,0.2613545358181,0.00036895396915497257,-1.1920928955078125e-07,542829.6177734375
2310144,1887,100.0,-9974.626630079998,282,1223,2810,-0.06974061727523803,0.0040461635,0.04993896484375,0.2,0.0003,109177.9609375,0.2582487165927887,0.00033670784760033714,-1.1920928955078125e-07,541114.7122070312
2318336,1894,100.0,-9993.46551326,283,1223,2820,-0.07282104641199112,0.0032702782,0.039111328125,0.2,0.0003,98320.7109375,0.2616506516933441,-0.0017400058179191547,0.0,505528.98564453126
2326528,1900,100.0,-10159.271533550002,284,1223,2830,-0.08070401474833488,0.004868041,0.04315185546875,0.2,0.0003,101008.171875,0.26295945048332214,-0.00021755725611001254,1.1920928955078125e-07,505525.2451171875
2334720,1907,100.0,-10371.006816219999,285,1224,2840,-0.0777859278023243,0.004630631,0.03790283203125,0.2,0.0003,103547.7421875,0.26025858521461487,-0.00019488375801302027,1.1920928955078125e-07,530640.99765625
2342912,1913,100.0,-10516.29326826,286,1224,2850,-0.07116298116743565,0.0023267977,0.043359375,0.2,0.0003,109351.9296875,0.25955063104629517,0.0008683815089170821,0.0,555878.9970703125
2351104,1920,100.0,-10446.46457348,287,1224,2860,-0.06548778712749481,0.0040051453,0.02913818359375,0.2,0.0003,113126.9609375,0.2573230266571045,0.00010029594413936138,-1.1920928955078125e-07,582237.122265625
2359296,1926,100.0,-10739.4717335,288,1224,2870,-0.06170084364712238,0.0023774295,0.0355712890625,0.2,0.0003,114958.6015625,0.257423996925354,-0.00032003585220081733,0.0,570980.8767578125
2367488,1933,100.0,-10292.566771400001,289,1224,2880,-0.06159152165055275,0.0024744042,0.0326416015625,0.2,0.0003,120692.890625,0.2571110129356384,-0.00016389837182941846,5.960464477539063e-08,614426.4478515625
2375680,1939,100.0,-10168.818645489999,290,1224,2890,-0.05703755244612694,0.0029842623,0.05462646484375,0.2,0.0003,103660.75,0.2554324269294739,-0.0006275998883211286,0.0,519791.9015625
2383872,1946,100.0,-10054.42912573,291,1224,2900,-0.05388707034289837,0.0033138052,0.02886962890625,0.2,0.0003,101564.1953125,0.2551926374435425,-6.595230333914515e-05,0.0,523730.61083984375
2392064,1952,100.0,-9874.024585860001,292,1225,2910,-0.0461063027381897,0.0037458644,0.0429443359375,0.2,0.0003,94912.8203125,0.2517297863960266,-0.0008982158462458756,-1.1920928955078125e-07,501262.772265625
2400256,1958,100.0,-9908.866584480002,293,1225,2920,-0.03756428435444832,0.0033512986,0.04129638671875,0.2,0.0003,92553.234375,0.25081557035446167,0.0011939142837945837,-1.1920928955078125e-07,473491.47919921874
2408448,1965,100.0,-9895.29752307,294,1225,2930,-0.03472854048013687,0.0032594828,0.03262939453125,0.2,0.0003,95493.875,0.2501260042190552,-3.3004925353452566e-05,0.0,484370.4424804688
2416640,1971,100.0,-9857.579534530001,295,1225,2940,-0.028680675104260443,0.003744083,0.0334228515625,0.2,0.0003,96569.2890625,0.24807149171829224,0.0006656117388047278,0.0,480006.228125
2424832,1978,100.0,-9830.421812699999,296,1225,2950,-0.019573166593909265,0.0058121625,0.03526611328125,0.2,0.0003,94571.4921875,0.24551722407341003,4.8766518739284946e-05,0.0,474771.9072265625
2433024,1984,100.0,-9869.699373539997,297,1225,2960,-0.014327910542488099,0.0015696592,0.0261474609375,0.2,0.0003,93012.8984375,0.24547235667705536,0.00044700190701405516,-1.1920928955078125e-07,467808.6630859375
2441216,1991,100.0,-9932.4581968,298,1225,2970,-0.010104207694530487,0.004870196,0.04547119140625,0.2,0.0003,93648.390625,0.24374337494373322,-0.0015242336747178342,0.0,475834.00458984374
2449408,1997,100.0,-9987.57796045,299,1226,2980,-0.010455696657299996,0.0041752774,0.03662109375,0.2,0.0003,96224.984375,0.2451046258211136,0.0005975015046715271,0.0,482240.2274414062
2457600,2004,100.0,-10108.37825716,300,1226,2990,-0.01903390698134899,0.0037857806,0.0487060546875,0.2,0.0003,96600.25,0.24787145853042603,0.0008140996913425624,0.0,489773.55908203125
2465792,2010,100.0,-10151.492099019999,301,1226,3000,-0.017690131813287734,0.0043823067,0.05479736328125,0.2,0.0003,99947.6875,0.2449745237827301,-0.0005032258035498671,0.0,512545.8018554688
2473984,2017,100.0,-10005.912633349999,302,1226,3010,-0.007025587558746338,0.0014043953,0.02244873046875,0.2,0.0003,99155.484375,0.24263805150985718,0.0006932868858712027,1.1920928955078125e-07,509048.1578125
2482176,2023,100.0,-10165.41293262,303,1226,3020,-0.0005697369575500488,0.0032463092,0.04287109375,0.2,0.0003,94229.546875,0.24161559343338013,5.8289311346015894e-05,-1.1920928955078125e-07,484809.4740234375
2490368,2030,100.0,-10617.11100254,304,1226,3030,0.005860142409801483,0.0024636672,0.03099365234375,0.2,0.0003,103327.3046875,0.23978836834430695,0.0003651994134997949,5.960464477539063e-08,519232.14765625
2498560,2036,100.0,-10624.88490261,305,1226,3040,0.017058034986257554,0.0035075424,0.04473876953125,0.2,0.0003,113670.375,0.23659607768058777,0.00046832687003188765,0.0,580323.8212890625
2506752,2043,100.0,-10492.700636770001,306,1226,3050,0.024045196548104285,0.0043529607,0.05928955078125,0.2,0.0003,107558.8984375,0.23578780889511108,0.0002541554000345059,0.0,574349.7001953125
2514944,2049,100.0,-10350.008599320001,307,1227,3060,0.03204410932958126,0.0030454095,0.04007568359375,0.2,0.0003,110576.90625,0.23304976522922516,-0.00020720387074106837,0.0,547761.9223632812
2523136,2055,100.0,-10446.47926831,308,1227,3070,0.0383982103317976,0.0034440067,0.028955078125,0.2,0.0003,104714.4453125,0.23281031847000122,0.0009741321497131139,1.1920928955078125e-07,531103.6366210937
2531328,2062,100.0,-10353.56474591,309,1227,3080,0.045395906269550326,0.0045580277,0.0443603515625,0.2,0.0003,111687.671875,0.2299114465713501,-0.0004148448795604054,0.0,553499.2231445312
2539520,2068,100.0,-10261.180004079999,310,1227,3090,0.05152152441442013,0.0048719174,0.04102783203125,0.2,0.0003,107208.734375,0.22955772280693054,0.0001437009035726078,0.0,524365.4799804688
2547712,2075,100.0,-10241.981546809999,311,1227,3100,0.05622379817068577,0.003199141,0.0396728515625,0.2,0.0003,102255.796875,0.22828148305416107,-0.0003725606802618131,0.0,517500.86962890625
2555904,2081,100.0,-10226.3667989,312,1227,3110,0.06532158330082893,0.0031535588,0.03526611328125,0.2,0.0003,98597.5546875,0.22525164484977722,-4.017897226731293e-05,1.1920928955078125e-07,512684.8944335937
2564096,2088,100.0,-10114.643080390002,313,1227,3120,0.07803445197641849,0.0042675296,0.04376220703125,0.2,0.0003,100098.203125,0.22292836010456085,-0.0006372959440341219,1.1920928955078125e-07,511299.62255859375
2572288,2094,100.0,-10148.268147589999,314,1227,3130,0.08099786788225175,0.0028364817,0.04969482421875,0.2,0.0003,94482.6484375,0.22338560223579407,0.000786808298289543,-1.1920928955078125e-07,492002.9657226562
2580480,2101,100.0,-10254.23160953,315,1228,3140,0.08085579052567482,0.0030783406,0.048388671875,0.2,0.0003,98441.0859375,0.2227298766374588,0.0004188074599369429,0.0,500384.7479492187
2588672,2107,100.0,-10438.73251808,316,1228,3150,0.08741233125329018,0.002113739,0.0417724609375,0.2,0.0003,101759.921875,0.22094176709651947,0.00022826356325822417,0.0,513298.27705078124
2596864,2114,100.0,-10244.84602805,317,1228,3160,0.09105727262794971,0.0055435305,0.039208984375,0.2,0.0003,106866.53125,0.22068890929222107,0.0008415992891968926,0.0,543294.7369140625
2605056,2120,100.0,-10331.989839610002,318,1228,3170,0.09289084859192372,0.0025846171,0.032958984375,0.2,0.0003,97690.84375,0.22045908868312836,0.0004258465622115182,0.0,505510.2002929688
2613248,2127,100.0,-10104.609075749999,319,1228,3180,0.0969857856631279,0.004396421,0.0389892578125,0.2,0.0003,105171.15625,0.21899934113025665,0.0003249751105613541,0.0,520574.002734375
2621440,2133,100.0,-10093.96847242,320,1228,3190,0.10581111758947373,0.00474766,0.0499267578125,0.2,0.0003,95992.0,0.21630889177322388,0.0007255435019033029,0.0,487787.86572265625
2629632,2140,100.0,-10133.67372539,321,1228,3200,0.11583748534321785,0.0048534265,0.049951171875,0.2,0.0003,96042.2890625,0.21466289460659027,-0.000498374093149323,-1.1920928955078125e-07,486623.3162109375
2637824,2146,100.0,-10016.66556576,322,1228,3210,0.13403788022696972,0.005372467,0.04656982421875,0.2,0.0003,100119.2109375,0.20929156243801117,-0.0007817023251845967,0.0,495922.20283203124
2646016,2152,100.0,-10210.64572035,323,1229,3220,0.14240558594465255,0.0054011815,0.046337890625,0.2,0.0003,92177.59375,0.210227370262146,0.0009648766328609782,0.0,471204.95244140626
2654208,2159,100.0,-10374.319804620001,324,1229,3230,0.1419829849153757,0.0039823605,0.03780517578125,0.2,0.0003,98283.8203125,0.20975130796432495,0.0009179351323837182,0.0,504379.263671875
2662400,2165,100.0,-10207.85362179,325,1229,3240,0.13862811364233493,0.005338311,0.0595703125,0.2,0.0003,101883.3515625,0.21112054586410522,0.0015321830127504655,0.0,529624.3990234375
2670592,2172,100.0,-10104.398264250001,326,1229,3250,0.1407519817352295,0.0029356596,0.051123046875,0.2,0.0003,91888.6953125,0.2093738317489624,0.0008164997951098484,0.0,491119.4931640625
2678784,2178,100.0,-10189.64541512,327,1229,3260,0.1495016749948263,0.0042808186,0.04818115234375,0.2,0.0003,94647.453125,0.20764903724193573,0.0006550848243932706,0.0,483750.1202148438
2686976,2185,100.0,-10235.55415873,328,1229,3270,0.15719369873404504,0.0036576712,0.04913330078125,0.2,0.0003,96942.25,0.20596489310264587,0.000395680565998191,0.0,499635.7266601563
2695168,2191,100.0,-10373.70498425,329,1229,3280,0.15728414356708526,0.003703825,0.0400146484375,0.2,0.0003,97258.4765625,0.20748822391033173,0.0004243310821038904,0.0,498920.4110351562
2703360,2198,100.0,-10124.4848893,330,1229,3290,0.15874981842935085,0.0047122417,0.05797119140625,0.2,0.0003,100021.296875,0.2056833952665329,0.00040620390936965125,0.0,521344.79033203126
2711552,2204,100.0,-10174.696564939997,331,1229,3300,0.15755798369646073,0.0060465066,0.0521728515625,0.2,0.0003,92001.8515625,0.20735247433185577,0.0008429024157521781,0.0,481570.0643554687
2719744,2211,100.0,-10563.45608663,332,1229,3310,0.15147601142525674,0.0028021883,0.04754638671875,0.2,0.0003,93365.890625,0.2082304209470749,0.00038000683489372025,0.0,489416.02021484374
2727936,2217,100.0,-10866.39778497,333,1229,3320,0.14802135862410068,0.0032529274,0.044189453125,0.2,0.0003,103813.5703125,0.20892323553562164,0.00015410802589030937,0.0,555177.7783203125
2736128,2224,100.0,-10424.53542174,334,1230,3330,0.14698368571698667,0.004049858,0.0435791015625,0.2,0.0003,117150.96875,0.2086934894323349,2.3765274818288162e-05,0.0,590287.07578125
2744320,2230,100.0,-10595.356506360002,335,1230,3340,0.15271764397621154,0.0037607101,0.0514404296875,0.2,0.0003,100206.984375,0.20686566829681396,0.0003550010111212032,-1.1920928955078125e-07,500985.96484375
2752512,2237,100.0,-10419.25583127,336,1230,3350,0.15742397159337998,0.0030005004,0.04112548828125,0.2,0.0003,110586.1640625,0.20692795515060425,-0.0004761398129630834,0.0,554158.6241210938
2760704,2243,100.0,-10280.216725420001,337,1230,3360,0.16209811717271805,0.0050848685,0.0625244140625,0.2,0.0003,94818.5625,0.20464183390140533,0.0008804188400972635,0.0,509483.5155273437
2768896,2250,100.0,-10070.834965799999,338,1230,3370,0.1642661351710558,0.0058564986,0.05245361328125,0.2,0.0003,97377.21875,0.20595982670783997,0.0007546421831648332,0.0,496213.4638671875
2777088,2256,100.0,-9996.10352484,339,1230,3380,0.16335638090968133,0.0036095944,0.06156005859375,0.2,0.0003,91271.8125,0.2048114836215973,0.0003954175375838531,0.0,470972.0140625
2785280,2263,100.0,-9921.28453303,340,1230,3390,0.17431449368596078,0.0032003666,0.04267578125,0.2,0.0003,90010.9375,0.20217372477054596,0.0008327743888003169,-1.1920928955078125e-07,459608.9168945312
2793472,2269,100.0,-9981.199710679999,341,1230,3400,0.18120107166469096,0.0039658193,0.039794921875,0.2,0.0003,88742.703125,0.20155473053455353,0.0009562149447447154,0.0,446994.0470703125
2801664,2276,100.0,-10009.291497589998,342,1230,3410,0.1817708346992731,0.0044176225,0.0552490234375,0.2,0.0003,87864.6640625,0.2014411985874176,0.000531466701431782,0.0,455582.8719726562
2809856,2282,100.0,-10143.25162448,343,1230,3420,0.1848903488367796,0.003998868,0.04166259765625,0.2,0.0003,89616.5625,0.2006344348192215,0.0007162201523897238,0.0,460960.3565429688
2818048,2289,100.0,-10192.132235989999,344,1231,3430,0.18724206537008287,0.0027496289,0.05362548828125,0.2,0.0003,96252.640625,0.20080366730690002,0.000503391852544155,0.0,482200.24384765624
2826240,2295,100.0,-10055.03965414,345,1231,3440,0.1884192407131195,0.0057510026,0.05032958984375,0.2,0.0003,92466.796875,0.19996324181556702,0.0003250670873967465,0.0,484399.84296875
2834432,2302,100.0,-9967.882876119998,346,1231,3450,0.19298147298395635,0.0036801042,0.05416259765625,0.2,0.0003,86288.5,0.1989937424659729,0.0008009668599697761,0.0,455809.6994140625
2842624,2308,100.0,-9874.80512103,347,1231,3460,0.19051303043961526,0.006172076,0.04796142578125,0.2,0.0003,88696.0390625,0.20041808485984802,0.0001875833622762002,0.0,449987.4034179688
2850816,2315,100.0,-9916.72577155,348,1231,3470,0.19469107799232005,0.0042218836,0.0584716796875,0.2,0.0003,87377.953125,0.19817569851875305,-0.00041287455132987816,0.0,436699.0587890625
2859008,2321,100.0,-9876.35404187,349,1231,3480,0.20543665960431098,0.0030441533,0.0588134765625,0.2,0.0003,89057.171875,0.19627219438552856,0.00047169320823741144,1.1920928955078125e-07,446194.7580078125
2867200,2328,100.0,-9861.97752341,350,1231,3490,0.21590725667774677,0.004150782,0.05830078125,0.2,0.0003,82511.8046875,0.19403305649757385,-0.00010593909137242008,0.0,437538.5958984375
2875392,2334,100.0,-9890.8764665,351,1231,3500,0.23112078085541726,0.005415349,0.05477294921875,0.2,0.0003,88633.8046875,0.19051264226436615,0.0005084296706627355,0.0,435980.6287109375
2883584,2341,100.0,-9889.05980058,352,1231,3510,0.23993970230221748,0.004414986,0.05609130859375,0.2,0.0003,87958.7421875,0.19022704660892487,4.1282775055151435e-05,0.0,440549.7725585938
2891776,2347,100.0,-9827.348822509999,353,1231,3520,0.23792753480374812,0.0067106136,0.0443603515625,0.2,0.0003,85696.9921875,0.19138549268245697,0.0012559240618429612,-1.1920928955078125e-07,437494.86884765624
2899968,2353,100.0,-9758.623279489999,354,1231,3530,0.2412962544709444,0.0062379492,0.0608642578125,0.2,0.0003,80277.9296875,0.18915346264839172,-0.0003745354602870066,0.0,428028.94140625
2908160,2360,100.0,-9779.62679863,355,1232,3540,0.25255810655653477,0.0045187613,0.05445556640625,0.2,0.0003,81323.234375,0.18680933117866516,0.0006892708923260215,0.0,419287.259765625
2916352,2366,100.0,-9817.31130864,356,1232,3550,0.26153756082057955,0.0052893297,0.05546875,0.2,0.0003,83777.84375,0.18598783016204834,0.00017602645129954908,0.0,423455.414453125
2924544,2373,100.0,-9865.76915398,357,1232,3560,0.26663204543292524,0.0032792774,0.05279541015625,0.2,0.0003,86642.0,0.18453514575958252,0.00047408197933691555,0.0,427205.3173828125
2932736,2379,100.0,-9879.260738699999,358,1232,3570,0.27452065907418727,0.004385786,0.055712890625,0.2,0.0003,83641.8671875,0.18358123302459717,0.0008281973110570107,0.0,432612.3732421875
2940928,2386,100.0,-9866.808527300002,359,1232,3580,0.2844438306987286,0.0143933445,0.0636474609375,0.2,0.0003,83312.4375,0.1806720793247223,0.0012140182923758402,1.1920928955078125e-07,432959.72236328124
2949120,2392,100.0,-9928.58175249,360,1232,3590,0.2978345464915037,0.004008198,0.05489501953125,0.2,0.0003,85351.140625,0.17890706658363342,0.0010591268212010619,0.0,429263.6749023438
2957312,2399,100.0,-10163.35566967,361,1232,3600,0.30376233980059625,0.005229324,0.07022705078125,0.2,0.0003,86160.9453125,0.1786031872034073,0.0002698543954466004,0.0,437681.560546875
2965504,2405,100.0,-10074.58656282,362,1232,3610,0.3047218795865774,0.0032029708,0.06500244140625,0.2,0.0003,93575.2109375,0.1782706081867218,0.0019517671094945398,0.0,473405.5560546875
2973696,2412,100.0,-10286.624289370002,363,1232,3620,0.3142695602029562,0.0042080977,0.0495849609375,0.2,0.0003,89485.140625,0.1753523051738739,0.0012057820818881736,0.0,449212.25166015624
2981888,2418,100.0,-10521.94685876,364,1232,3630,0.32397146448493,0.004147809,0.05010986328125,0.2,0.0003,97724.0,0.17470678687095642,0.0006643561187956948,0.0,490505.2247070313
2990080,2425,100.0,-10187.058194590001,365,1232,3640,0.31897480636835096,0.0054998207,0.05406494140625,0.2,0.0003,98735.5,0.17655381560325623,0.0007819577120244503,5.960464477539063e-08,516169.879296875
2998272,2431,100.0,-10123.417774470001,366,1232,3650,0.32102998457849025,0.0033785142,0.06490478515625,0.2,0.0003,92122.4140625,0.1746577024459839,0.0016958268042799318,0.0,463371.3311523438
3006464,2438,100.0,-10047.93769112,367,1233,3660,0.33202353678643703,0.005303975,0.05740966796875,0.2,0.0003,91961.7578125,0.17292776703834534,0.0019156363778165542,1.1920928955078125e-07,460976.84619140625
3014656,2444,100.0,-9930.445880730002,368,1233,3670,0.34181814417243006,0.0041293725,0.064892578125,0.2,0.0003,89696.1484375,0.17127758264541626,0.001134320663913968,0.0,447374.462109375
3022848,2451,100.0,-9967.964459019999,369,1233,3680,0.34483401067554953,0.0044410527,0.0664794921875,0.2,0.0003,83020.7578125,0.17176379263401031,0.0009476341223489726,0.0,429272.9267578125
3031040,2457,100.0,-9898.705269560001,370,1233,3690,0.3386622752994299,0.0047505684,0.06878662109375,0.2,0.0003,91615.5546875,0.1730601042509079,-0.00042301221983507273,0.0,443699.367578125
3039232,2464,100.0,-9953.01196069,371,1233,3700,0.3368222251534462,0.00450595,0.05660400390625,0.2,0.0003,84108.875,0.1722015142440796,0.0010302078360837185,0.0,426115.6443359375
3047424,2470,100.0,-9963.87391884,372,1233,3710,0.3436936751008034,0.0031858855,0.05391845703125,0.2,0.0003,85255.59375,0.1710083782672882,0.0009772351091669406,-1.1920928955078125e-07,433232.0499023438
3055616,2477,100.0,-10033.965273109998,373,1233,3720,0.35646508298814295,0.004003062,0.0646728515625,0.2,0.0003,87677.1796875,0.16813309490680695,0.0015395883601740934,0.0,434060.27880859375
3063808,2483,100.0,-10061.7015862,374,1233,3730,0.36640466265380384,0.006115039,0.0729736328125,0.2,0.0003,87706.9296875,0.16754589974880219,0.002563973304859246,5.960464477539063e-08,448380.8203125
3072000,2490,100.0,-9973.1997728,375,1233,3740,0.3777784053236246,0.005347103,0.06739501953125,0.2,0.0003,83058.2734375,0.16453909873962402,0.0012114397097320762,1.1920928955078125e-07,438591.891015625
3080192,2496,100.0,-10050.489529819999,376,1233,3750,0.38423841148614885,0.0047110654,0.061767578125,0.2,0.0003,86024.640625,0.16499657928943634,0.0007658119480765891,0.0,434582.54423828126
3088384,2503,100.0,-10226.35330227,377,1233,3760,0.39365037688985466,0.0039520627,0.05081787109375,0.2,0.0003,88802.6796875,0.16189084947109222,0.0009114720931393094,0.0,444178.8143554687
3096576,2509,100.0,-10381.776669080002,378,1233,3770,0.4053255866281688,0.004286931,0.059765625,0.2,0.0003,92845.46875,0.16085945069789886,0.0006744820444509969,0.0,469013.1641601563
3104768,2515,100.0,-10291.818328489999,379,1234,3780,0.4129442890174687,0.0057270303,0.07794189453125,0.2,0.0003,92249.578125,0.15955482423305511,0.0007898252413724549,-2.384185791015625e-07,482377.10078125
3112960,2522,100.0,-10187.333651339999,380,1234,3790,0.42591640911996365,0.008882882,0.0547119140625,0.2,0.0003,90482.40625,0.1568690836429596,-6.395445489033591e-05,0.0,466497.74248046876
3121152,2528,100.0,-10147.901939869998,381,1234,3800,0.4432443699799478,0.01026824,0.0839599609375,0.2,0.0003,91175.9296875,0.15400265157222748,0.000892283565553953,0.0,453297.3377929687
3129344,2535,100.0,-10166.52915136,382,1234,3810,0.44691942622885106,0.0035815537,0.06558837890625,0.2,0.0003,88777.9296875,0.15515471994876862,0.0009062810488103424,0.0,451733.465234375
3137536,2541,100.0,-10162.623487179997,383,1234,3820,0.4431552909314632,0.008226318,0.087353515625,0.2,0.0003,85655.6328125,0.155544251203537,0.002660234233917436,0.0,452961.48681640625
3145728,2548,100.0,-9953.89543535,384,1234,3830,0.4419406157918274,0.0068224347,0.07005615234375,0.2,0.0003,86512.390625,0.15527701377868652,0.0011480968260002555,0.0,451479.258203125
3153920,2554,100.0,-10023.278776750001,385,1234,3840,0.4434952697716653,0.0037292165,0.06669921875,0.2,0.0003,80511.09375,0.15528254210948944,0.0014305822838650783,1.1920928955078125e-07,422540.59638671874
3162112,2561,100.0,-10194.05910899,386,1234,3850,0.44444800866767764,0.0038099354,0.06695556640625,0.2,0.0003,83994.5625,0.1551387757062912,0.002489355888974387,1.1920928955078125e-07,435691.30712890625
3170304,2567,100.0,-9959.54991179,387,1234,3860,0.442729861009866,0.010145288,0.06630859375,0.2,0.0003,88123.140625,0.15529760718345642,0.0018701425287872553,0.0,456429.4356445313
3178496,2574,100.0,-9845.641761359999,388,1234,3870,0.44843908129259946,0.0052378834,0.06605224609375,0.2,0.0003,80884.5703125,0.15369504690170288,0.0011982404492300702,1.1920928955078125e-07,417641.518359375
3186688,2580,100.0,-9825.748330180002,389,1234,3880,0.4579811481758952,0.0043031997,0.0576171875,0.2,0.0003,77660.6015625,0.1524112969636917,0.0014095362879743335,1.1920928955078125e-07,410112.9178710937
3194880,2587,100.0,-9857.24448259,390,1234,3890,0.46272087246179583,0.0050179176,0.0781494140625,0.2,0.0003,80604.828125,0.1523270159959793,0.0024627045866509436,0.0,404312.7275390625
3203072,2593,100.0,-9924.61412978,391,1234,3900,0.461518341768533,0.0057815956,0.0808837890625,0.2,0.0003,78600.5234375,0.15263961255550385,0.001871418344671838,0.0,410471.929296875
3211264,2600,100.0,-9976.30600413,392,1234,3910,0.4700705657713115,0.0076885736,0.07708740234375,0.2,0.0003,82653.96875,0.15013347566127777,0.001312901246274123,0.0,419842.8140625
3219456,2606,100.0,-9911.127376659999,393,1235,3920,0.48447360210120677,0.0026016142,0.06859130859375,0.2,0.0003,82512.6015625,0.14830094575881958,0.0015111409018572885,0.0,422187.51494140626
3227648,2613,100.0,-9926.650272360002,394,1235,3930,0.491822206415236,0.0064334795,0.06617431640625,0.2,0.0003,81531.7265625,0.1478165090084076,0.001331684196338756,0.0,413504.56298828125
3235840,2619,100.0,-9927.26464666,395,1235,3940,0.4904941263608634,0.0052282843,0.06593017578125,0.2,0.0003,79758.1953125,0.1487720012664795,0.001928629782560165,0.0,413358.2586914062
3244032,2626,100.0,-10033.040011919999,396,1235,3950,0.49432631898671386,0.008050673,0.08077392578125,0.2,0.0003,80104.234375,0.14651061594486237,0.001294659758968919,0.0,413136.9384765625
3252224,2632,100.0,-10073.120406339998,397,1235,3960,0.5108248442411423,0.005913413,0.07403564453125,0.2,0.0003,85697.96875,0.14406588673591614,0.0007137876709748525,0.0,425312.543359375
3260416,2639,100.0,-10013.72902558,398,1235,3970,0.5186747869476676,0.0028740927,0.0745849609375,0.2,0.0003,88217.3828125,0.14390908181667328,0.001827676685206825,0.0,433338.95478515624
3268608,2645,100.0,-9837.779949840002,399,1235,3980,0.5195616262033582,0.0063789273,0.07357177734375,0.2,0.0003,81497.03125,0.14371947944164276,0.00138291769544594,0.0,418535.7959960938
3276800,2652,100.0,-9857.043487269999,400,1235,3990,0.5243408339098096,0.00741045,0.080712890625,0.2,0.0003,77056.4375,0.14278946816921234,0.001074509792670142,0.0,397146.0545898437
3284992,2658,100.0,-9824.677420469998,401,1235,4000,0.5342500595375895,0.0052376008,0.06993408203125,0.2,0.0003,80017.703125,0.14097854495048523,0.00201086008164566,0.0,405142.57978515624
3293184,2665,100.0,-9762.169098670001,402,1235,4010,0.5450295213609934,0.0049118493,0.0679443359375,0.2,0.0003,78075.203125,0.13975706696510315,0.0007918807750684209,0.0,396986.35029296874
3301376,2671,100.0,-9787.57987912,403,1235,4020,0.551892464980483,0.0058329413,0.0630126953125,0.2,0.0003,78336.046875,0.13900026679039001,0.0018808703738613986,0.0,389040.6063476562
3309568,2678,100.0,-9781.77311993,404,1235,4030,0.5605953712016344,0.006006116,0.07723388671875,0.2,0.0003,75730.4140625,0.1371859610080719,0.00186461747289286,0.0,393889.3797851562
3317760,2684,100.0,-9922.83024587,405,1235,4040,0.5712702807039023,0.0053241355,0.06588134765625,0.2,0.0003,78048.375,0.13629505038261414,0.0010701547278586076,0.0,389954.8533203125
3325952,2691,100.0,-9834.8139894,406,1235,4050,0.5820141324773431,0.005388579,0.07333984375,0.2,0.0003,79689.15625,0.13451020419597626,0.002304211983573623,0.0,411124.93876953126
3334144,2697,100.0,-9968.40828057,407,1235,4060,0.5920267846435309,0.004342898,0.08310546875,0.2,0.0003,78840.75,0.13330496847629547,0.0024198167426220606,0.0,393115.80322265625
3342336,2704,100.0,-9946.47352324,408,1236,4070,0.5962721217423678,0.0050645703,0.0726806640625,0.2,0.0003,79734.3125,0.1333513855934143,0.0023131789686885893,0.0,414870.896875
3350528,2710,100.0,-9894.192988649998,409,1236,4080,0.5944410510361194,0.006697555,0.075537109375,0.2,0.0003,77514.2421875,0.13351917266845703,0.002085126474412391,0.0,405624.5596679688
3358720,2716,100.0,-10013.795629479999,410,1236,4090,0.5946967359632254,0.007628266,0.09176025390625,0.2,0.0003,77049.453125,0.13357533514499664,0.0018003711502387887,-1.1920928955078125e-07,399493.9732421875
3366912,2723,100.0,-10094.7087585,411,1236,4100,0.6001746658235788,0.007863471,0.08739013671875,0.2,0.0003,85067.2265625,0.13230596482753754,0.0008543182026187424,0.0,420096.46923828125
3375104,2729,100.0,-10228.64535792,412,1236,4110,0.6036352116614581,0.0055287913,0.07330322265625,0.2,0.0003,80196.3828125,0.13222816586494446,0.0019572587458242196,0.0,424088.53671875
3383296,2736,100.0,-10712.101807659998,413,1236,4120,0.6103173181414604,0.0069024255,0.09749755859375,0.2,0.0003,86494.8125,0.13096490502357483,0.002568622527905973,0.0,437010.385546875
3391488,2742,100.0,-11004.420010200001,414,1236,4130,0.6101836793124675,0.004678022,0.0880859375,0.2,0.0003,103589.171875,0.1318635493516922,0.0020648840112698964,0.0,525745.61328125
3399680,2749,100.0,-12115.468494319997,415,1236,4140,0.608539916574955,0.006248031,0.05914306640625,0.2,0.0003,107633.8046875,0.1313980668783188,0.0017162690975965234,0.0,549659.0200195312
3407872,2755,100.0,-12393.9979964,416,1236,4150,0.6149816893041133,0.0088046035,0.0708740234375,0.2,0.0003,151326.6875,0.1301802396774292,0.002966654743795516,0.0,782899.166796875
3416064,2762,100.0,-12911.69154591,417,1236,4160,0.6200255896896124,0.006699359,0.0842529296875,0.2,0.0003,146840.8125,0.13027378916740417,0.0014212074012903031,0.0,799033.6125
3424256,2768,100.0,-12822.82865775,418,1236,4170,0.6205482844263315,0.0038814931,0.05792236328125,0.2,0.0003,189585.953125,0.12987500429153442,0.0021787974910694174,0.0,908622.8490234375
3432448,2775,100.0,-12243.908426689999,419,1236,4180,0.6253953482955694,0.0064618434,0.07550048828125,0.2,0.0003,152463.953125,0.12912356853485107,0.002412040053604869,0.0,839325.98515625
3440640,2781,100.0,-12748.610233060004,420,1236,4190,0.6272621214389801,0.005134556,0.054052734375,0.2,0.0003,144480.671875,0.12931689620018005,0.0012497592935687863,5.960464477539063e-08,726124.955859375
3448832,2788,100.0,-11910.28154422,421,1236,4200,0.6243743266910314,0.0036850579,0.05303955078125,0.2,0.0003,177246.890625,0.1296154111623764,0.0014716251596837537,1.7881393432617188e-07,882119.88984375
3457024,2794,100.0,-11584.535704859998,422,1236,4210,0.6253253616392612,0.003919137,0.0878662109375,0.2,0.0003,129951.140625,0.1293879598379135,0.002374358211818617,0.0,660407.4412109375
3465216,2801,100.0,-11639.619612039998,423,1237,4220,0.6238054215908051,0.006363836,0.0695068359375,0.2,0.0003,119452.34375,0.12975160777568817,0.0004937882076774258,0.0,630524.2857421875
3473408,2807,100.0,-11459.80140129,424,1237,4230,0.6193792045116424,0.008281931,0.09033203125,0.2,0.0003,127115.8671875,0.1305929571390152,0.002031685378460679,0.0,660437.7337890625
3481600,2814,100.0,-12331.738924760004,425,1237,4240,0.6115574512630702,0.006104868,0.064501953125,0.2,0.0003,118454.328125,0.13166280090808868,0.0002444133482640609,1.1920928955078125e-07,604791.3173828125
3489792,2820,100.0,-11849.814520190002,426,1237,4250,0.6046242620795965,0.0031328727,0.08355712890625,0.2,0.0003,170864.484375,0.13264065980911255,0.002533591249084566,0.0,807961.7486328125
3497984,2827,100.0,-11903.074316639999,427,1237,4260,0.5996750071644783,0.005301969,0.06632080078125,0.2,0.0003,128972.2265625,0.13309918344020844,0.0009145499570877291,0.0,661506.4111328125
3506176,2833,100.0,-11007.554026830003,428,1237,4270,0.5953304212540388,0.004328547,0.09490966796875,0.2,0.0003,136908.421875,0.13377535343170166,0.0006178680661832914,0.0,694476.6580078125
3514368,2840,100.0,-10493.48403654,429,1237,4280,0.5958781007677316,0.0032170147,0.10032958984375,0.2,0.0003,100323.2109375,0.13280780613422394,0.003899612657551188,0.0,496550.697265625
3522560,2846,100.0,-10301.361701100002,430,1237,4290,0.5990319177508354,0.0056480234,0.0654296875,0.2,0.0003,88583.171875,0.13288673758506775,0.001272477595921373,-1.1920928955078125e-07,451144.0340820312
3530752,2853,100.0,-10552.21927533,431,1237,4300,0.610102067142725,0.004230245,0.0777587890625,0.2,0.0003,85193.3203125,0.13031290471553802,0.0017220168156200089,0.0,434433.6302734375
3538944,2859,100.0,-11002.656555430001,432,1237,4310,0.6231803521513939,0.009587154,0.0904052734375,0.2,0.0003,98058.0703125,0.1293192058801651,0.00171003681680304,0.0,483142.37919921876
3547136,2866,100.0,-10212.914838570001,433,1237,4320,0.6254382330924273,0.010329195,0.0787353515625,0.2,0.0003,107494.359375,0.12917262315750122,0.002138318509241799,0.0,547803.6817382813
3555328,2872,100.0,-10011.65153095,434,1237,4330,0.6310162983834744,0.0068528177,0.09697265625,0.2,0.0003,80789.8359375,0.12828469276428223,0.0030739844631170856,0.0,402854.1171875
3563520,2879,100.0,-10311.242728389998,435,1237,4340,0.6404034450650216,0.00625069,0.076904296875,0.2,0.0003,78376.6015625,0.12697236239910126,0.0012755327228660463,-1.1920928955078125e-07,398046.76201171876
3571712,2885,100.0,-11012.259561619998,436,1237,4350,0.6459143232554198,0.012484839,0.0987548828125,0.2,0.0003,86362.375,0.1264733076095581,0.00217666066964739,-1.1920928955078125e-07,442245.99384765624
3579904,2891,100.0,-10384.60796023,437,1237,4360,0.6473874673247337,0.014434044,0.11590576171875,0.2,0.0003,113135.7421875,0.12665390968322754,0.002036272532859584,5.960464477539063e-08,564989.9053710938
3588096,2898,100.0,-10606.22260153,438,1237,4370,0.6473503399640321,0.0043210033,0.09432373046875,0.2,0.0003,78860.046875,0.1267116516828537,0.001651279920770321,0.0,415571.5848632812
3596288,2904,100.0,-10673.97575029,439,1237,4380,0.6465576201677322,0.0058061373,0.0820556640625,0.2,0.0003,96765.7578125,0.12684455513954163,0.0024468188006721904,-1.1920928955078125e-07,487929.2831054687
3604480,2911,100.0,-10655.80511011,440,1238,4390,0.6518724489957094,0.008904619,0.0851806640625,0.2,0.0003,91717.0625,0.1254907250404358,0.00267435814748751,0.0,476674.62041015626
3612672,2917,100.0,-10263.547519730002,441,1238,4400,0.6553294524550438,0.0041635036,0.06898193359375,0.2,0.0003,91637.515625,0.12585385143756866,0.001593802520437748,5.960464477539063e-08,479006.7974609375
3620864,2924,100.0,-10261.66212983,442,1238,4410,0.6595207951962948,0.0042805984,0.0663818359375,0.2,0.0003,82430.4296875,0.12465278059244156,0.0027403515232435893,0.0,414975.90947265626
3629056,2930,100.0,-10116.33566633,443,1238,4420,0.6578046351671218,0.0062895734,0.09324951171875,0.2,0.0003,82901.234375,0.1259745955467224,0.0005431463290733518,0.0,425110.71875
3637248,2937,100.0,-10098.199334350002,444,1238,4430,0.6522532671689987,0.0067360373,0.08724365234375,0.2,0.0003,77377.1171875,0.12576931715011597,0.00030081281256570945,0.0,401632.5296875
3645440,2943,100.0,-9996.423662079998,445,1238,4440,0.6640430770814418,0.006597618,0.08094482421875,0.2,0.0003,77206.96875,0.1238754615187645,0.0022430530061683385,0.0,400217.6294921875
3653632,2950,100.0,-9957.39137434,446,1238,4450,0.6689761251211166,0.0036531356,0.08154296875,0.2,0.0003,74711.21875,0.12389568984508514,0.0016445427936560009,0.0,387460.4181640625
3661824,2956,100.0,-9969.270077820001,447,1238,4460,0.673518780246377,0.0065089054,0.08056640625,0.2,0.0003,76704.2578125,0.12298394739627838,0.0022434209509810898,-1.1920928955078125e-07,382412.0508789063
3670016,2963,100.0,-9862.4820234,448,1238,4470,0.6860384065657854,0.004486887,0.0855224609375,0.2,0.0003,75705.46875,0.1211816817522049,0.001786318200174719,1.1920928955078125e-07,385236.334375
3678208,2969,100.0,-9893.67197512,449,1238,4480,0.6863985974341631,0.004553008,0.088623046875,0.2,0.0003,73763.296875,0.12235820293426514,0.0023561618407256903,1.1920928955078125e-07,371781.276953125
3686400,2976,100.0,-10077.616211120001,450,1238,4490,0.6863839332014322,0.0062944563,0.07998046875,0.2,0.0003,74599.6171875,0.12145470082759857,0.0015295354030968155,0.0,375948.8280273437
3694592,2982,100.0,-9854.200537440001,451,1238,4500,0.6954267460852861,0.012536134,0.0956787109375,0.2,0.0003,79632.5,0.12014545500278473,0.0029300990696356165,0.0,400376.7959960938
3702784,2989,100.0,-9846.67141811,452,1238,4510,0.6926509764045476,0.006451521,0.088037109375,0.2,0.0003,68505.0234375,0.1217242181301117,0.0017827099407440982,0.0,362815.0759765625
3710976,2995,100.0,-9903.66909095,453,1238,4520,0.6873224336653948,0.0067880354,0.08914794921875,0.2,0.0003,74287.515625,0.12157316505908966,0.0026261908657033927,0.0,368896.3388671875
3719168,3002,100.0,-9910.366110140001,454,1238,4530,0.690321072191,0.0063446034,0.0783203125,0.2,0.0003,74310.5234375,0.1211734190583229,0.0021422276651719583,0.0,374059.9490234375
3727360,3008,100.0,-10059.439312569999,455,1238,4540,0.6971397060900927,0.0047936486,0.06966552734375,0.2,0.0003,71174.109375,0.12005359679460526,0.0005155424958502408,0.0,370864.2540039063
3735552,3015,100.0,-10067.98943618,456,1238,4550,0.6981284916400909,0.007713349,0.0833740234375,0.2,0.0003,79084.609375,0.12055473774671555,0.0013031164126005024,0.0,395650.28056640626
3743744,3021,100.0,-10027.19952815,457,1238,4560,0.7016355913132429,0.0071219555,0.0685791015625,0.2,0.0003,74815.125,0.11926289647817612,0.0019940144164138475,0.0,388473.121875
3751936,3028,100.0,-9961.022661759998,458,1239,4570,0.707121130824089,0.0073920228,0.07626953125,0.2,0.0003,72799.109375,0.11896257847547531,-0.000602930079185171,0.0,387703.4500976562
3760128,3034,100.0,-9772.77753734,459,1239,4580,0.7044947657734155,0.0074674077,0.0917236328125,0.2,0.0003,73383.34375,0.12007752805948257,0.0022784082124417183,0.0,368940.8431640625
3768320,3041,100.0,-9773.520329859999,460,1239,4590,0.7086506869643927,0.0052913735,0.06673583984375,0.2,0.0003,68973.890625,0.11838989704847336,0.0018216462798591238,0.0,351605.7733398437
3776512,3047,100.0,-9774.30023898,461,1239,4600,0.7101310633122921,0.004251452,0.0849853515625,0.2,0.0003,66909.1875,0.11918375641107559,0.002369615361385513,5.960464477539063e-08,354699.2344726563
3784704,3054,100.0,-9831.3620929,462,1239,4610,0.7105596337467432,0.0077008167,0.0908447265625,0.2,0.0003,71400.078125,0.1187780499458313,0.0019189362879842519,0.0,353283.6638671875
3792896,3060,100.0,-9889.126088890001,463,1239,4620,0.7109428182244301,0.0064926604,0.06964111328125,0.2,0.0003,67589.9296875,0.11888398230075836,0.000688501641707262,-1.1920928955078125e-07,360170.21455078124
3801088,3067,100.0,-9902.268261849998,464,1239,4630,0.7187892824411393,0.005288441,0.09942626953125,0.2,0.0003,71151.3984375,0.1172553077340126,0.002604472904204158,0.0,364419.81865234376
3809280,3073,100.0,-9955.36343427,465,1239,4640,0.726111076027155,0.005155213,0.07010498046875,0.2,0.0003,72024.2578125,0.11689255386590958,0.0018014907622273314,0.0,365405.90107421874
3817472,3080,100.0,-9871.24718066,466,1239,4650,0.7301513195037842,0.005304807,0.07685546875,0.2,0.0003,74679.828125,0.11623355001211166,0.0015195966625469737,0.0,372302.63037109375
3825664,3086,100.0,-9796.31703794,467,1239,4660,0.7357419438660144,0.008826558,0.0876953125,0.2,0.0003,70536.046875,0.11562176048755646,0.0026872737038502238,0.0,359462.3133789062
3833856,3093,100.0,-9782.85592919,468,1239,4670,0.7353391665965319,0.0071810633,0.08162841796875,0.2,0.0003,65243.81640625,0.116097591817379,0.0016298815440677571,-1.1920928955078125e-07,349701.2088867187
3842048,3099,100.0,-9811.611431620002,469,1239,4680,0.739765765890479,0.0052052205,0.06585693359375,0.2,0.0003,68288.5546875,0.11486950516700745,0.0008809847255179193,0.0,349836.3322265625
3850240,3106,100.0,-9775.965708000002,470,1239,4690,0.7469387140125037,0.009967605,0.090869140625,0.2,0.0003,66215.046875,0.11457730084657669,0.003129548185825115,0.0,353615.0220703125
3858432,3112,100.0,-9774.757029010001,471,1239,4700,0.7575057622045278,0.00794331,0.09649658203125,0.2,0.0003,68572.6328125,0.11269161850214005,0.002149834978627041,5.960464477539063e-08,348084.8015625
3866624,3119,100.0,-9789.074174660002,472,1239,4710,0.7675504598766565,0.0079060905,0.09552001953125,0.2,0.0003,68526.4296875,0.11220242828130722,0.0021383049370342633,0.0,347330.73173828126
3874816,3125,100.0,-9767.61604618,473,1239,4720,0.7728957522660493,0.004087702,0.0878173828125,0.2,0.0003,68844.0234375,0.11124897003173828,0.0025461184355663135,0.0,348674.71123046876
3883008,3132,100.0,-9774.32515072,474,1239,4730,0.7802046485245228,0.007860043,0.08988037109375,0.2,0.0003,66641.4609375,0.11060789227485657,0.0029067881801893235,-1.1920928955078125e-07,343411.930859375
3891200,3138,100.0,-9743.24224184,475,1239,4740,0.7853373259305954,0.012388249,0.0869384765625,0.2,0.0003,67799.0859375,0.11014184355735779,0.002925372068057186,0.0,346210.60078125
3899392,3145,100.0,-9804.99839841,476,1239,4750,0.7867352850735188,0.0060069324,0.071484375,0.2,0.0003,66886.3203125,0.11010397970676422,0.0015787492215167732,-1.1920928955078125e-07,341037.037890625
3907584,3151,100.0,-9753.43694315,477,1239,4760,0.794930261746049,0.006668484,0.0802978515625,0.2,0.0003,67929.7734375,0.10851737856864929,0.0010209526655671653,5.960464477539063e-08,349339.1763671875
3915776,3158,100.0,-9802.54151404,478,1239,4770,0.7995177760720253,0.007565627,0.08905029296875,0.2,0.0003,66830.015625,0.10890467464923859,0.0021914839911914897,0.0,340147.2802734375
3923968,3164,100.0,-9791.970045039998,479,1239,4780,0.7987742878496646,0.0058819675,0.09013671875,0.2,0.0003,66583.53125,0.10890164226293564,0.002658111887285486,0.0,346951.6154296875
3932160,3171,100.0,-9763.876110469999,480,1239,4790,0.8087858788669109,0.006903715,0.08709716796875,0.2,0.0003,68576.3125,0.10701020061969757,0.001020611060084775,0.0,343771.2728515625
3940352,3177,100.0,-9787.390966269999,481,1239,4800,0.820852716639638,0.0072070556,0.08115234375,0.2,0.0003,66135.3671875,0.10617537051439285,0.0022444035894295666,0.0,339873.94892578124
3948544,3184,100.0,-9756.905327479999,482,1240,4810,0.8355146750807763,0.0066194115,0.09200439453125,0.2,0.0003,67743.296875,0.10403338819742203,0.0018222849957965082,0.0,341527.96015625
3956736,3190,100.0,-9700.762785199999,483,1240,4820,0.8445521581918001,0.0058884863,0.06400146484375,0.2,0.0003,67185.203125,0.10412897169589996,0.001783410182906664,0.0,337636.23974609375
3964928,3197,100.0,-9695.1802514,484,1240,4830,0.8502898126840591,0.0071072364,0.07823486328125,0.2,0.0003,63089.58203125,0.10300639271736145,0.0017388348365784622,0.0,330719.973046875
3973120,3203,100.0,-9675.94546454,485,1240,4840,0.8547191482037306,0.0071048113,0.06512451171875,0.2,0.0003,63636.3828125,0.10291340947151184,0.0011440692622272763,0.0,330435.37646484375
3981312,3210,100.0,-9675.17996054,486,1240,4850,0.8575309131294488,0.0057068784,0.08983154296875,0.2,0.0003,64696.4375,0.10225573182106018,0.002473569954599952,0.0,328360.872265625
3989504,3216,100.0,-9668.23353791,487,1240,4860,0.8690350029617548,0.0045648287,0.1000244140625,0.2,0.0003,61819.15625,0.10088794678449631,0.0021870960954402108,0.0,328176.62080078124
3997696,3223,100.0,-9650.237912429999,488,1240,4870,0.8835520140826703,0.009709253,0.08876953125,0.2,0.0003,64372.76953125,0.09933362901210785,0.0021452553148264995,5.960464477539063e-08,327050.2263671875
4005888,3229,100.0,-9706.08211553,489,1240,4880,0.8978009961545468,0.007509121,0.081591796875,0.2,0.0003,63907.9765625,0.09798607975244522,0.0022639951115706936,0.0,323653.3165039063
