step,policy_gradient_loss,value_loss,entropy_loss,total_loss,episodic_reward
2000,,,,,
4000,-8.205289098670577e-05,15224142.275,-1.4186214089393616,3038743.25,
6000,-2.4879188012638664e-05,19333957.575,-1.4182105720043183,4917561.0,
8000,-0.00020884817300288462,9100375.1625,-1.4177611708641051,2361696.0,
10000,-0.0003610926264394243,13688156.925,-1.4189100056886672,2276563.75,
12000,-0.00021722660292260442,22611943.0,-1.4194024473428726,4252745.0,
14000,-3.3087611695625796e-05,7095055.6,-1.4194566637277604,1420595.375,
16000,-0.00016154587076311344,8265023.75,-1.4189732253551484,1564493.125,
18000,-9.727543929036742e-05,6150291.4375,-1.4187634259462356,1298193.75,
20000,-0.00033739415439129063,3150192.0375,-1.419304323196411,596439.0,
22000,-0.0005795962003396938,5843308.15625,-1.420098876953125,1162276.875,
24000,-0.0016206499568133914,4581096.4625,-1.4210262328386307,739041.9375,
26000,-0.0010729661299890836,4148459.91875,-1.4211472779512406,946462.4375,
28000,-0.000414945187908522,3440648.2625,-1.4202266305685043,762324.0,
30000,-0.000876426160179733,1507564.68125,-1.419268047809601,283568.875,
32000,-0.0006025146021194416,1385955.265625,-1.4199771881103516,299978.1875,
34000,-0.00044895733392209537,1504038.61875,-1.4191837579011917,291620.40625,
36000,-0.0005874479015503198,2407599.19375,-1.4171652764081955,489809.75,
38000,-0.0007608570780629264,1090691.15625,-1.4175759345293044,213120.296875,
40000,-0.0011392877618419562,1561692.175,-1.4179659962654114,330215.8125,
42000,-0.0024071536716096633,1417985.709375,-1.4180278390645982,278058.40625,
44000,-0.000563122340615152,1139571.13125,-1.4185770928859711,219883.78125,
46000,-0.0012256786829412114,1250865.23125,-1.4189337253570558,271073.71875,
48000,-0.0004097873367676641,986887.6,-1.418653240799904,192832.71875,
50000,-0.0007939880284137501,1198837.8375,-1.4174094259738923,214464.25,
52000,-0.0004432318514286493,978280.9453125,-1.4148777425289154,188648.25,
54000,-0.00035044267614523503,941365.615625,-1.4118309676647187,182987.265625,
56000,-0.00012166948518697041,906981.8234375,-1.409160962700844,177541.890625,
58000,-0.0005005009764378343,978282.8,-1.4091290831565857,191945.5625,
60000,-0.0004786945454348768,872729.325,-1.4093994230031968,175998.59375,
62000,-0.00026542215837075387,923960.253125,-1.40849826335907,181474.828125,
64000,-0.000544528988194326,920063.45,-1.4087343722581864,174666.671875,
66000,-7.96789471454673e-05,907778.3125,-1.4081847280263902,181466.828125,
68000,-6.896575716277553e-05,931809.915625,-1.4077128171920776,187515.390625,
70000,-0.00033181695437001224,949918.7140625,-1.4057110518217086,185535.8125,
72000,-0.00022166787673238986,950839.6921875,-1.4047802835702896,192666.84375,
74000,-0.0005319904649137231,951817.565625,-1.4055194914340974,187182.875,
76000,-0.0004544166788218007,879973.31875,-1.4072477489709854,173689.046875,
78000,-0.00030420072046268844,915709.5421875,-1.4089066445827485,182021.453125,
80000,-0.0008113272017897799,928238.4640625,-1.4110025882720947,186116.75,
82000,-0.00044643476045465037,901743.8296875,-1.4115001201629638,182854.96875,
84000,-0.0004747267389831222,936851.546875,-1.410755929350853,188097.59375,
86000,-0.0003935413259581466,983683.1109375,-1.408260914683342,183423.265625,
88000,-0.00036923100552037623,982508.728125,-1.4064850151538848,195352.640625,
90000,-0.0016043022110110883,989084.8890625,-1.406835713982582,195703.21875,
92000,-0.000531636699946958,986735.8078125,-1.4072708755731582,203036.828125,
94000,-0.0018293713563920732,956439.2203125,-1.4051801681518554,185087.96875,
96000,-0.0007631085690928075,885092.0578125,-1.402287420630455,172886.3125,
98000,-0.00014234609453396275,861678.20625,-1.4007086396217345,173665.359375,
100000,-0.0004312027056450063,849556.028125,-1.3995112895965576,173059.28125,
102000,-0.00023396600856955273,863794.5390625,-1.3984989315271377,171115.765625,
104000,-0.0008511041954047726,870745.1,-1.3969353884458542,174194.34375,
106000,-0.0006116815802172049,844592.2015625,-1.3966018617153169,170794.734375,
108000,-0.00015914176913298662,880375.640625,-1.3966905802488327,175698.921875,
110000,-0.00023529679357598977,871085.15,-1.39721921980381,168071.0625,
112000,-0.00039196369537322087,900611.584375,-1.3976000815629959,181078.765625,
114000,-0.00018738465454006814,917870.6375,-1.3959222793579102,182087.390625,
116000,-9.812773501494122e-06,895985.196875,-1.3947469532489776,180453.6875,
118000,-0.00018967864012928715,906969.340625,-1.3932133555412292,180825.59375,
120000,-0.0001298677619544719,885286.8859375,-1.3916861414909363,178718.78125,
122000,-0.00023129285563765477,898469.340625,-1.3907097280025482,175191.03125,
124000,-0.00010413962636910413,922602.525,-1.389137688279152,187390.25,
126000,-0.0005914361222080444,898975.4609375,-1.38799045085907,175063.234375,
128000,-8.367394874042589e-05,894510.975,-1.386531326174736,175213.359375,
130000,-0.0008286789162497143,947860.428125,-1.3852303177118301,186754.609375,
132000,-0.0005932801556603806,899720.6765625,-1.3860776871442795,175376.828125,
134000,-0.00021607992498609007,884366.1203125,-1.387438926100731,172707.703125,
136000,-0.00016922527526901375,876493.14375,-1.3898288667201997,171761.09375,
138000,-0.00022472748893525018,895915.4484375,-1.3918559014797212,177262.578125,
140000,-0.0002449323648585633,918641.6125,-1.3923789739608765,179936.859375,
142000,3.6148859276607936e-05,883893.715625,-1.3927331805229186,179090.359375,
144000,-0.00027125702824442043,869071.3796875,-1.3930055290460586,175199.234375,
146000,-0.0010194146745753584,897267.778125,-1.393420249223709,178597.796875,
148000,1.5128117296470122e-05,865028.6640625,-1.3929576963186263,173379.40625,
150000,-0.0017690363979031786,840611.8625,-1.3927164375782013,164333.84375,
152000,-0.00023756618133923267,878875.9796875,-1.3939175128936767,171225.015625,
154000,-0.00026759881896190054,886139.2703125,-1.3950857251882554,176079.703125,
156000,-9.258933723526042e-05,920974.2265625,-1.3957154959440232,175873.625,
158000,-0.00010500178458094922,921634.0515625,-1.3952832788228988,182458.90625,
160000,-0.0001752012257043134,895584.928125,-1.3948046267032623,179573.84375,
162000,-0.00010938635110742112,888681.2109375,-1.3954771220684052,177907.8125,
164000,-0.00029157145907614533,892182.0859375,-1.3937968194484711,168475.6875,
166000,-4.6359569532228305e-05,894991.5671875,-1.3925026386976243,175289.34375,
168000,-0.00019964225937001422,860281.1390625,-1.3919917851686479,167621.5625,
170000,-0.00032595936298776,901012.3359375,-1.3899539053440093,176959.625,
172000,-0.00039905933494424064,876191.9140625,-1.3884105771780013,177552.375,
174000,-0.00013639902926145808,864633.4640625,-1.3884893029928207,166378.546875,
176000,-0.001196818333612626,854422.7078125,-1.3892631471157073,170221.46875,
178000,-0.00013190376014193816,870084.0265625,-1.3909472912549972,168582.03125,
180000,-0.00019212778936221752,905617.5140625,-1.3916282534599305,178320.484375,
182000,-0.000796818555771317,908860.35,-1.3916955471038819,188750.4375,
184000,-2.0334930126608697e-05,860461.69375,-1.3911353170871734,166551.921875,
186000,-0.0004789480949881408,859759.628125,-1.3895901083946227,165675.46875,
188000,-0.00043309441898227164,870918.815625,-1.3853467851877213,172599.03125,
190000,-0.00035833753825329493,896460.81875,-1.3823365151882172,180727.78125,
192000,-0.000239231300328413,902961.803125,-1.3818061262369157,186321.28125,
194000,-0.0010804612237803823,890061.196875,-1.3814471870660783,185243.03125,
196000,-0.0001627700726769987,853704.3984375,-1.3824774116277694,171010.25,
198000,-0.00018857083392340713,853468.0796875,-1.3839331597089768,168716.34375,
200000,-0.0003619775852556018,846450.5140625,-1.3844301521778106,172592.265625,
202000,-0.0008411150718011129,845404.6484375,-1.3850484549999238,167572.6875,
204000,-5.7287166712782775e-05,825137.3609375,-1.3830837726593017,166081.140625,
206000,-0.0004119197141786657,819584.284375,-1.382159209251404,164538.328125,
208000,-1.5726169080565455e-05,829538.803125,-1.382036429643631,163139.484375,
210000,-3.840791626172901e-05,830397.3390625,-1.3828365474939346,163487.875,
212000,-7.744663910287386e-05,832995.1328125,-1.3829745948314667,160429.953125,
214000,-4.88701820945181e-05,844377.45,-1.3827881395816803,169358.96875,
216000,-0.0004418667416184796,840171.078125,-1.3833504974842072,169727.703125,
218000,-0.0005040780563149383,831503.3265625,-1.3836901605129241,164666.984375,
220000,-0.0004804660918519943,829061.084375,-1.3826236873865128,158432.203125,
222000,-0.00012118869070114613,816663.2671875,-1.3831095814704895,164588.5,
224000,-0.0005247481479869976,814970.340625,-1.3839848309755325,165202.4375,
226000,-8.185161206419878e-05,819773.10625,-1.3850678235292435,162787.359375,
228000,-0.001249580131795458,822222.746875,-1.3853380233049393,161682.21875,
230000,-0.0006432052114107023,826118.2765625,-1.386874920129776,161189.109375,
232000,-0.00011040238322366225,836549.5296875,-1.388748124241829,166657.171875,
234000,-0.0004124348832736047,838721.1875,-1.3893736809492112,160999.28125,
236000,-0.0007140365287721551,835797.2875,-1.3902978420257568,162232.625,
238000,-0.00034688905929023404,849263.9859375,-1.3905365198850632,165993.1875,
240000,-0.0003478756448629383,860526.8375,-1.3910665571689607,172042.15625,
242000,-8.02287724546602e-05,871805.521875,-1.3907857894897462,168609.265625,
244000,-0.00010584851653980821,873016.2,-1.390570268034935,174238.390625,
246000,-4.7055452963462585e-05,879682.0421875,-1.389447170495987,176403.234375,
248000,-0.000236216119669308,882762.996875,-1.3897131830453873,173030.859375,
250000,-0.0001340711063557265,874558.8328125,-1.3907511979341507,172813.15625,
252000,-0.0011337419402789096,874448.9828125,-1.3930684804916382,179760.3125,
254000,-3.270522079574789e-05,914990.9984375,-1.3952383786439895,182793.765625,
256000,-0.00014266858864289133,867423.14375,-1.3946174561977387,174065.765625,
258000,-0.00010388957128952825,889944.378125,-1.394145593047142,173186.75,
260000,-0.0009917765080540875,856708.1375,-1.3940996497869491,170056.8125,
262000,-0.00022341870317106328,860111.5015625,-1.3940751433372498,168510.015625,
264000,-0.0002084403381856781,856958.4796875,-1.393726646900177,168500.390625,
266000,-2.1514761190388754e-05,849626.03125,-1.3940997302532196,167515.015625,
268000,-0.00019962931037387222,835672.075,-1.393081361055374,164510.265625,
270000,-0.00044644996056817374,871059.8,-1.392413404583931,171578.84375,
272000,-5.605096267515819e-05,839754.00625,-1.391758632659912,164812.453125,
274000,-0.0002805005782455794,846527.2890625,-1.3907272607088088,168858.203125,
276000,-0.00030321494223510824,854242.7078125,-1.3885729014873505,166201.265625,
278000,-7.861257321266635e-05,862730.140625,-1.3870654284954071,174231.859375,
280000,-7.210352503230765e-05,849106.746875,-1.386232817173004,163972.34375,
282000,-7.179799656427121e-05,847423.6859375,-1.3848899334669114,169361.796875,
284000,-0.0001951744961662172,842568.778125,-1.383269700407982,166749.625,
286000,-0.0005521599220383894,862470.85,-1.3818870276212691,175925.46875,
288000,-4.1204448843146224e-05,844363.3734375,-1.3816587209701539,167727.40625,
290000,-0.00010562747763032121,842878.4515625,-1.3816137611865997,164310.609375,
292000,-0.00012625389184810486,844373.890625,-1.382292002439499,166752.1875,
294000,-7.283681796685926e-05,843038.165625,-1.3828545749187469,169222.484375,
296000,-0.0002724702204243812,841890.6109375,-1.3827198296785355,168666.015625,
298000,-3.303402770997721e-05,844575.9921875,-1.382226213812828,167962.125,
300000,-0.0008020689251054591,859141.053125,-1.3826396316289902,172251.734375,
302000,-0.00013707821029456112,841167.3546875,-1.3820398956537248,165580.828125,
304000,-0.00017962087729834765,846914.765625,-1.382649102807045,165372.703125,
306000,-0.0005268979659696527,863472.9390625,-1.3837531447410583,174871.875,
308000,-0.00030360872028154515,877822.38125,-1.384547957777977,179628.203125,
310000,-0.00016300897404022407,880980.8296875,-1.3846698433160782,181665.703125,
312000,-0.00041784149596035824,866581.640625,-1.3817194283008576,171846.46875,
314000,-8.30348430110206e-05,887117.0734375,-1.3808614701032638,177481.046875,
316000,-0.00017640930611229066,878191.3875,-1.3825785994529725,174169.015625,
318000,-0.0010235325689812668,890586.478125,-1.3828339546918869,174853.25,
320000,-0.00023879723540431996,847849.3734375,-1.3828676283359527,166553.21875,
322000,-0.0002725067056978503,861830.3203125,-1.3829495757818222,172188.921875,
324000,-0.0004732326700299438,878508.940625,-1.382534423470497,173240.734375,
326000,9.405784638349957e-06,868270.628125,-1.3830874800682067,174358.296875,
328000,-0.0024544094919406235,890553.703125,-1.3838222056627274,182822.1875,
330000,-0.00015397737274689405,844830.6453125,-1.3842649281024932,169547.703125,
332000,-0.0001516825570149649,857755.8234375,-1.3840225398540498,167658.296875,
334000,-4.7326722683394e-05,849848.9234375,-1.3842438191175461,170257.90625,
336000,-1.435259532840405e-05,858105.740625,-1.3843933761119842,168665.40625,
338000,-6.443579153625478e-05,842618.2984375,-1.3835286259651185,160907.171875,
340000,-0.0015075010688411438,875505.2484375,-1.3818480849266053,172542.359375,
342000,-0.00012308107809424484,848120.7796875,-1.3802268981933594,160953.265625,
344000,-0.00011734887135439465,851324.03125,-1.3790844708681107,168506.203125,
346000,-9.42736342572914e-05,852524.1875,-1.3781444698572158,165711.453125,
348000,-0.00044530972958085614,834462.9296875,-1.3788902431726455,166867.96875,
350000,-0.00016802563053879281,843762.928125,-1.379585188627243,167393.265625,
352000,-0.00018464464046203944,833423.9703125,-1.3810157984495164,164163.171875,
354000,-0.0001260038618209336,837816.55,-1.3811376988887787,169713.90625,
356000,-9.145543134110312e-05,856306.296875,-1.380235505104065,168943.328125,
358000,-0.0005838280690825925,856561.059375,-1.3808172315359115,171371.359375,
360000,-0.00018352791553226665,852664.1625,-1.3807556957006455,169052.578125,
362000,-0.0003113627962520127,852568.465625,-1.3785345673561096,166329.84375,
364000,-0.00017058784658374737,845237.1671875,-1.376624584197998,165838.65625,
366000,-0.0002604017435587025,844911.3140625,-1.376842173933983,163330.296875,
368000,-0.000277260155029424,847000.1234375,-1.377221229672432,173734.25,
370000,-4.002558507600895e-05,863654.0015625,-1.3777437895536422,175522.046875,
372000,-0.0004229677211086802,845702.878125,-1.3783885210752487,170640.4375,
374000,-0.0005052455586024962,861810.98125,-1.379263836145401,170410.25,
376000,-0.0007899289049425384,840778.6671875,-1.3790996849536896,169500.671875,
378000,-0.0001492824481424293,828193.428125,-1.3788988888263702,164019.0625,
380000,-0.0008288466188353993,828831.4546875,-1.3787007927894592,165476.40625,
382000,-0.00010783648444219196,837683.478125,-1.378118672966957,164413.828125,
384000,-5.063617380045571e-05,838531.215625,-1.3777108013629913,165827.5,
386000,-0.00037029108033941326,848833.8046875,-1.377360674738884,167604.40625,
388000,-4.522615609463543e-05,845334.4171875,-1.3782278448343277,171639.921875,
390000,-0.000503524770499908,835900.025,-1.3788849771022798,163038.75,
392000,-0.0004035907860645338,848737.4828125,-1.3778772503137589,174357.8125,
394000,-0.0001593815086556205,859744.4265625,-1.3743798464536667,167440.59375,
396000,-8.53963972957672e-05,858785.9359375,-1.3720197319984435,165460.21875,
398000,-0.00022576635148272573,850682.565625,-1.3714682847261428,173615.59375,
400000,-7.091637464249346e-05,854710.05625,-1.3707133293151856,165776.0,
402000,-0.00037040730152861914,851165.7390625,-1.3702109068632127,170558.296875,
404000,-4.418032040227615e-05,853831.078125,-1.3698847800493241,167009.9375,
406000,-3.3081388857603145e-05,869054.35625,-1.368453460931778,175562.703125,
408000,-0.00018516574591060931,872528.275,-1.3676999926567077,174558.5,
410000,-0.0002888587502962281,874668.440625,-1.3675203710794448,171991.75,
412000,-0.000858220127017617,874354.890625,-1.3675846755504608,172559.140625,
414000,3.467302004622752e-06,848385.8140625,-1.3686858326196671,167144.046875,
416000,-0.00015444229951260268,839043.35625,-1.369612929224968,161084.171875,
418000,-0.00024446116585643554,860041.89375,-1.3692596405744553,170437.625,
420000,9.234671888691538e-06,865328.6109375,-1.3691624402999878,169041.90625,
422000,-0.0002170108271768001,856508.9953125,-1.368251982331276,171750.015625,
424000,-0.00021887242817619779,879424.7546875,-1.3674438893795013,179515.0,
426000,-0.0002859691483720894,861229.640625,-1.3659440517425536,170048.96875,
428000,-5.583765448413658e-05,855463.3890625,-1.3644595384597777,171240.390625,
430000,-6.450854792507953e-05,859961.159375,-1.3646462231874465,172624.296875,
432000,-0.0007053168704072021,880096.2109375,-1.3654288232326508,174511.875,
434000,-0.0002950769669107345,852079.2828125,-1.366522526741028,170191.484375,
436000,-0.00015689910368550387,844931.5484375,-1.3674456268548965,168224.828125,
438000,-0.000227335161776665,851441.44375,-1.3666883945465087,167198.046875,
440000,-6.850185980908919e-05,855342.28125,-1.366390472650528,170877.765625,
442000,-0.0006722807773281048,863264.9546875,-1.3666199654340745,170473.3125,
444000,-0.000228022398857064,840329.746875,-1.367439204454422,171589.40625,
446000,-0.0002859132912405471,847225.875,-1.3672378033399581,173793.15625,
448000,8.19033398968827e-06,837464.015625,-1.3663019597530366,160191.640625,
450000,-0.0003106895568375734,855586.0140625,-1.3658944457769393,168950.46875,
452000,-0.0004157771081970907,854462.05625,-1.367120051383972,170322.84375,
454000,-2.2961598745041556e-05,866470.5375,-1.368397831916809,173438.765625,
456000,-0.00019208885282679945,875055.8171875,-1.3686575949192048,169266.5,
458000,-0.00042629602343637887,870748.184375,-1.3682896137237548,172931.4375,
460000,-0.00023914193411549433,872771.0,-1.3683183908462524,170165.140625,
462000,-0.00032855177840076524,873596.190625,-1.370779111981392,175105.890625,
464000,-0.00018981818670624762,890551.2515625,-1.372799888253212,177145.078125,
466000,-0.0005047465515598759,891052.55,-1.3725448548793793,176276.4375,
468000,-0.0005884234679557565,874290.165625,-1.3723054885864259,171812.71875,
470000,-3.31234985328166e-05,900067.528125,-1.372078999876976,173202.296875,
472000,-0.001448372127609332,902004.5296875,-1.3734087318181991,176762.84375,
474000,-0.0009895919010777022,880689.6578125,-1.3733527302742004,173568.75,
476000,-0.00029189940657872173,853544.5515625,-1.3719809889793395,176132.40625,
478000,-5.2369678381580795e-05,858324.3375,-1.3719478040933608,167780.734375,
480000,-0.00016249004724979698,877680.6671875,-1.3719843238592149,172170.453125,
482000,-4.766628261104189e-05,849644.68125,-1.3707854986190795,167957.828125,
484000,-0.0012873013258609233,857407.2515625,-1.3702665209770202,179101.21875,
486000,-5.731313128123361e-05,843690.88125,-1.3694385200738908,167124.578125,
488000,-0.0007427930564858798,838109.0796875,-1.3711252987384797,163900.375,
490000,-0.0004426297755625086,847402.2609375,-1.3739851623773576,172185.953125,
492000,-0.0002405381686354957,850010.7765625,-1.3742597579956055,170794.21875,
494000,-0.00020573479889494096,832118.56875,-1.3746468633413316,166797.984375,
496000,-0.00020928514060578607,833604.734375,-1.376152041554451,164256.8125,
498000,-0.0009200305199641434,835075.2703125,-1.376143714785576,162697.1875,
500000,-4.881005138415162e-05,826902.4109375,-1.3745392441749573,162600.0625,
502000,8.504397719377721e-08,826758.125,-1.3733736395835876,161795.53125,
504000,-0.0003294499233806647,823366.7421875,-1.373272743821144,164131.65625,
506000,-0.0004926932325574285,830522.21875,-1.3724995791912078,164590.515625,
508000,-0.0005077502703603187,841703.2421875,-1.3728170037269591,174295.078125,
510000,-0.0004095740702307893,836334.1375,-1.3734917044639587,166048.609375,
512000,-0.00021351509136096069,845631.8109375,-1.3721233636140824,163800.703125,
514000,-0.0006482467127596258,858203.146875,-1.37129867374897,171636.90625,
516000,-0.00017200158270505028,836105.865625,-1.3714277356863023,163209.34375,
518000,-0.0005955857672509168,839483.2796875,-1.3711320102214812,168900.34375,
520000,-0.00014579708682705417,844327.35,-1.3714534550905229,167508.03125,
522000,-0.00023838684306607406,844377.078125,-1.3712140649557114,166532.671875,
524000,-9.831390271699547e-05,838843.96875,-1.3718903958797455,167349.4375,
526000,-0.00010581007400425335,848354.640625,-1.373081123828888,168465.6875,
528000,-0.0006031179124448727,847378.6375,-1.3749186784029006,167957.40625,
530000,-0.00024575144140634995,830277.55,-1.3755337804555894,164012.46875,
532000,2.345783436696891e-06,842930.14375,-1.3755370736122132,167326.421875,
534000,-0.0006590887632466291,840129.825,-1.3747940868139268,169919.484375,
536000,-0.00016141406980274553,843526.5390625,-1.373680219054222,167099.671875,
538000,-0.00047070081453242095,829344.35,-1.374725905060768,166105.171875,
540000,-0.0003447458182861851,855600.7703125,-1.3771632999181747,176709.390625,
542000,-0.0006273230687234843,845298.25,-1.378632441163063,169141.84375,
544000,-0.000602717676610709,847158.6109375,-1.3807814329862595,172243.890625,
546000,-0.00017749929735089154,833644.590625,-1.3813661962747574,169610.46875,
548000,-0.00042598816384384894,830415.653125,-1.3798887997865676,163119.953125,
550000,-0.0004214482934784769,837447.7109375,-1.3792025029659272,160887.890625,
552000,-0.00022811118486636416,818594.103125,-1.3805686861276627,162383.328125,
554000,-0.0011245350793309683,816687.353125,-1.3813715815544128,162792.5625,
556000,-1.1388660135835948e-06,828716.65,-1.3801674336194991,161498.5,
558000,-6.576622064784488e-05,830924.7296875,-1.3787605583667755,160915.484375,
560000,-0.0009570463813371788,824418.5515625,-1.378364810347557,161692.0,
562000,-0.0009094460844266905,832440.2953125,-1.379334917664528,166339.046875,
564000,-0.00037082517206838973,843789.19375,-1.3796860098838806,167439.390625,
566000,-0.00012728385420928133,860302.7078125,-1.3795574337244034,169782.015625,
568000,-7.460250471496011e-05,849821.409375,-1.381078940629959,164932.234375,
570000,-0.00010076675868617713,835573.484375,-1.3825827479362487,165403.84375,
572000,-0.0002726944420387234,844693.1671875,-1.3816515237092972,167552.859375,
574000,-0.00037109996318775986,831078.5390625,-1.3798198342323302,164211.03125,
576000,-0.0005212278649814994,836098.6328125,-1.3774215042591096,165884.015625,
578000,-0.00029044125419899205,840125.0109375,-1.3770550638437271,164575.75,
580000,-7.529541624933245e-05,831282.5046875,-1.3775377452373505,163230.375,
582000,-0.00017052998521762674,824618.59375,-1.3775560885667801,162893.09375,
584000,-9.157787692899433e-05,828802.0546875,-1.3779634565114975,168050.875,
586000,-0.0005553162801582801,822670.628125,-1.3810079514980316,164692.65625,
588000,-9.764030413874635e-05,839986.9546875,-1.3821726500988007,171870.578125,
590000,-0.00035761706185883925,834796.790625,-1.381319034099579,166509.453125,
592000,-0.000819968616501221,827190.4515625,-1.3798884183168412,165942.8125,
594000,-0.0006375022360291637,822139.8515625,-1.381623661518097,163466.15625,
596000,-0.0004269192461507032,819619.6609375,-1.3831112504005432,163800.921875,
598000,9.560691436405478e-06,807398.4328125,-1.3819740563631058,154330.75,
600000,-0.0002898685774521681,812077.5734375,-1.3827172487974166,161583.65625,
602000,-3.811002943976405e-05,813145.6515625,-1.3829476922750472,166602.140625,
604000,-0.0001527366640293515,812721.109375,-1.3844906508922576,169789.640625,
606000,-0.0011411314569894416,815382.7546875,-1.3879171848297118,166091.53125,
608000,-3.745749998245174e-05,804792.153125,-1.3905834525823593,161520.9375,
610000,-6.214401752622223e-05,807049.2203125,-1.3922539561986924,164879.6875,
612000,-0.0012636134979874037,806198.2125,-1.3922321915626525,164702.0625,
614000,-0.002142968069005846,808495.8453125,-1.392103263735771,156376.390625,
616000,-0.0002777435510751047,824883.025,-1.3934016823768616,159970.75,
618000,-0.0005609861389101134,826975.784375,-1.394029861688614,161600.453125,
620000,-0.0004918686939056726,832850.8390625,-1.394961839914322,159892.21875,
622000,8.471870319226583e-06,828410.334375,-1.3962199926376342,162050.359375,
624000,-4.084045379926238e-05,828022.0578125,-1.3959380209445953,164474.484375,
626000,-0.000558966213326606,825878.603125,-1.39507936835289,157680.484375,
628000,-0.0007284708866277967,830372.2328125,-1.3954596519470215,164820.515625,
630000,-0.0007191436660960449,835767.346875,-1.3954423159360885,168590.8125,
632000,2.3629723743567864e-05,848946.8859375,-1.395541700720787,170409.390625,
634000,-0.0007704892811803532,852241.19375,-1.3945846140384675,165412.765625,
636000,-0.0004691089572283147,853758.2375,-1.3951867371797562,167117.484375,
638000,-1.139746295848454e-05,871401.9953125,-1.396714800596237,171741.359375,
640000,-0.00011549444046767831,866890.140625,-1.3974349468946456,171065.71875,
642000,-0.00032391553210189274,867917.4328125,-1.3962864249944686,177707.40625,
644000,-0.0005342572502133435,867880.771875,-1.394362598657608,166002.953125,
646000,-8.167899044764227e-06,851941.7,-1.393158143758774,169665.046875,
648000,-7.066600306728787e-05,867002.434375,-1.3930304586887359,167414.59375,
650000,-0.00015125999451228722,859670.6109375,-1.3945736169815064,173402.765625,
652000,-0.000369218861757048,862858.41875,-1.3967006355524063,165777.953125,
654000,-0.00014348673744706274,888871.296875,-1.3972819149494171,174716.828125,
656000,-0.00020355701835610417,871877.6234375,-1.3978257089853288,169595.421875,
658000,-0.0001978230361849853,867088.98125,-1.3984150528907775,173843.140625,
660000,-6.242900431381315e-05,857218.490625,-1.4005559355020523,171367.8125,
662000,-8.218344498160946e-05,868750.640625,-1.4010133028030396,177129.84375,
664000,-0.0001664405898729626,858158.5328125,-1.3991569310426712,169644.71875,
666000,-2.88655293584128e-05,860861.9921875,-1.3977474302053452,167520.90625,
668000,-3.693394215176227e-05,874693.2546875,-1.3964950799942017,173334.984375,
670000,-3.197575319831003e-05,870374.021875,-1.395694801211357,173181.28125,
672000,-6.604450257547967e-05,862539.225,-1.396213287115097,165485.71875,
674000,-0.00038158017261196163,860417.275,-1.39690403342247,178185.40625,
676000,-0.00019587983902624728,841970.8546875,-1.3962918847799302,165376.8125,
678000,-0.0012692692516729665,854484.6484375,-1.3957441180944443,166896.484375,
680000,-0.0001385245675443514,831324.66875,-1.3943986266851425,164751.828125,
682000,-0.00019427842311388056,835729.2140625,-1.393413433432579,162344.234375,
684000,-0.0012366522664095214,834981.696875,-1.3944130659103393,171317.703125,
686000,-4.100545262862854e-05,844083.4921875,-1.3952260941267014,167477.109375,
688000,-9.275905050962763e-05,842746.83125,-1.3946218550205232,170528.96875,
690000,-0.0001731731363062039,851293.35,-1.39488046169281,171867.609375,
692000,-0.000516939819911233,842814.6515625,-1.3954977601766587,165462.640625,
694000,-0.0003685946342994129,853947.175,-1.3964713871479035,167046.15625,
696000,-6.894787188649332e-05,858954.5609375,-1.3974046230316162,171702.25,
698000,-3.434971545104304e-05,859948.2328125,-1.3974326968193054,162939.875,
700000,-0.00042929008636107826,861387.73125,-1.3973683267831802,167226.78125,
702000,-7.931021521248027e-05,876999.809375,-1.3991332799196243,171662.46875,
704000,-0.00029304766496522915,857726.5828125,-1.3987521439790727,172298.625,
706000,-0.00015025726477020386,874523.6140625,-1.3971663236618042,171491.3125,
708000,-7.079863484014127e-05,854443.0125,-1.3974718064069749,168918.390625,
710000,-0.0004979816261286629,859742.959375,-1.3991535544395446,169696.0625,
712000,3.212302190434002e-05,842381.2171875,-1.4004642903804778,170857.484375,
714000,-0.00021276186336549596,834957.65,-1.3983396530151366,165507.484375,
716000,-0.0008016800083744613,850571.915625,-1.3949548840522765,166362.578125,
718000,-1.7241619282515331e-06,832749.5890625,-1.3930863678455352,165335.625,
720000,-0.00026382441812984326,850452.615625,-1.3928209632635116,168292.953125,
722000,-0.0004306902520319511,827209.7875,-1.3935678064823152,164331.015625,
724000,-0.000283288845520957,831828.5828125,-1.3920807003974915,166848.03125,
726000,-6.506620745838632e-05,826520.9765625,-1.3905941188335418,164677.9375,
728000,-0.0008134373816844232,822210.5625,-1.3888834893703461,163051.03125,
730000,-0.00037273679696312454,840108.89375,-1.3869136333465577,163895.640625,
732000,-0.00040688511414650464,834085.7015625,-1.3860109955072404,161917.078125,
734000,-7.567943245267994e-05,821041.45,-1.3857992738485336,162028.484375,
736000,-1.965135971211396e-05,824927.6546875,-1.3838344633579254,165022.125,
738000,-8.46187698273937e-05,826253.6828125,-1.382961019873619,163609.4375,
740000,-0.00011235031344316581,826680.1171875,-1.3823269784450531,163853.46875,
742000,-0.0001642411293282464,821566.4109375,-1.3806699961423874,160372.65625,
744000,-0.0014020682531228346,814823.428125,-1.3794463723897934,164307.546875,
746000,7.6491059164141e-05,830351.834375,-1.379848763346672,170803.234375,
748000,-0.00015271304086077463,832582.4140625,-1.3794184803962708,166594.96875,
750000,-0.00039931739107252896,825818.325,-1.3793641954660416,160362.234375,
752000,-0.00013780733277073408,834193.1203125,-1.3783785045146941,169163.796875,
754000,1.5686118919866486e-05,831960.8484375,-1.3773047000169754,171928.84375,
756000,-4.0698945003470044e-05,833193.346875,-1.3769125789403915,160339.515625,
758000,-3.557072791373628e-05,832596.334375,-1.377069753408432,163019.578125,
760000,-0.0001377527515892041,834918.8328125,-1.378056737780571,163070.59375,
762000,-0.0002012214356588604,827758.9828125,-1.379265084862709,163942.15625,
764000,-5.0106429305785126e-05,825242.88125,-1.3788804471492768,166793.53125,
766000,-0.00019656533735883385,822676.19375,-1.377341192960739,166404.421875,
768000,-0.0006243789655208332,824831.621875,-1.3772593021392823,159614.328125,
770000,-0.0003197391931477611,832964.153125,-1.3778061985969543,161966.84375,
772000,-8.843400544824575e-05,830829.1671875,-1.3793246358633042,162816.640625,
774000,-8.920428752645648e-05,837021.0671875,-1.380048868060112,161286.96875,
776000,-0.00018854970710151519,832865.6671875,-1.3802905559539795,162140.65625,
778000,-0.0005229234010471373,858081.3703125,-1.380475029349327,169663.984375,
780000,-0.0003055316203487979,827429.6359375,-1.3797744899988174,163221.96875,
782000,-0.00032947855772182957,833162.3125,-1.3795861214399339,159787.484375,
784000,-8.158879012825082e-05,847379.83125,-1.3799832224845887,171165.03125,
786000,-9.400761075291086e-05,840160.54375,-1.3789761334657669,169131.65625,
788000,-5.0257200918935044e-05,842145.871875,-1.3767337501049042,165254.28125,
790000,-0.00013073465927888607,850322.9828125,-1.3758052676916122,169713.875,
792000,-7.532668482532757e-05,844901.1921875,-1.3760959833860398,170953.65625,
794000,-0.00020231087326294528,846943.9203125,-1.3777913719415664,162731.34375,
796000,-0.0002657106344315707,837700.19375,-1.3785177409648894,165962.25,
798000,-0.0006036545869367415,831167.79375,-1.3793122559785842,167021.90625,
800000,-0.00015317705169408667,841758.5609375,-1.3815916746854782,171743.078125,
802000,-0.00015344639984578025,870487.5359375,-1.381323203444481,173537.890625,
804000,-0.00046597652054316543,856474.05,-1.3816713094711304,169456.3125,
806000,-0.0002452085385407088,864368.9296875,-1.3818754523992538,168940.75,
808000,-0.00039748674742261513,863062.5265625,-1.3821866899728774,171318.6875,
810000,1.2347876410245817e-06,846425.2890625,-1.383265197277069,167034.375,
812000,-0.0002349205741637661,858860.4515625,-1.3827318727970124,173165.109375,
814000,1.3673145145531862e-05,861364.1890625,-1.3828096121549607,172205.578125,
816000,-8.7025029572807e-05,856974.1953125,-1.3822728008031846,171552.703125,
818000,-0.001963109317093803,854720.3625,-1.3821057587862016,170187.421875,
820000,-0.0006880259656000476,883549.4265625,-1.3839748799800873,172025.453125,
822000,-5.4617215535834876e-05,895290.65,-1.3847607165575027,178036.15625,
824000,-0.0005522575764850046,905440.8421875,-1.3838550448417664,182189.109375,
826000,-0.0003410072896311789,880171.8421875,-1.3819630235433578,176072.875,
828000,-0.000160251351042362,869705.190625,-1.3809746295213698,174505.34375,
830000,-2.6530629036525256e-05,883613.3609375,-1.3803651094436646,172889.53125,
832000,-0.000383395515845919,881899.6953125,-1.379732808470726,174260.28125,
834000,-0.00026446454237785135,889078.0609375,-1.3796110421419143,178594.359375,
836000,-0.00012694054070614414,876134.0625,-1.3803101420402526,166864.578125,
838000,-3.7901561253050886e-05,873639.1,-1.3810989290475846,176263.046875,
840000,-8.971283622436488e-05,857448.24375,-1.382344552874565,167998.078125,
842000,-0.0014274259652165,862711.1390625,-1.3821309626102447,171863.328125,
844000,5.697977454701686e-05,892799.8328125,-1.3815084934234618,177819.109375,
846000,-8.447770985213765e-05,883595.46875,-1.3819695442914963,175373.734375,
848000,-0.0005348111516205734,882342.1703125,-1.3819215297698975,175583.25,
850000,-4.609821100132194e-06,873380.1609375,-1.3820091784000397,173319.375,
852000,-0.00010087730728827182,866130.9203125,-1.380863642692566,171279.546875,
854000,-0.0004953875210289115,866217.7046875,-1.380739188194275,174301.921875,
856000,-0.00047220575732112027,866259.159375,-1.3809639483690261,175067.296875,
858000,-0.000321490724814133,854752.421875,-1.3806253612041473,163630.640625,
860000,-0.00020471740927021642,874660.128125,-1.3799359649419785,169789.46875,
862000,-8.497834228857749e-05,872397.034375,-1.3789390802383423,177896.546875,
864000,-0.00025341967225287474,881249.01875,-1.3795815616846085,170089.484375,
866000,-0.0004084177038272685,872429.7890625,-1.3810841292142868,173652.5625,
868000,-1.1568255418126228e-05,861146.0171875,-1.3821860313415528,167031.59375,
870000,-0.0005845377032102306,866339.3640625,-1.3831517934799193,171779.15625,
872000,-5.866190343368771e-05,860158.3640625,-1.3833552777767182,172951.5,
874000,-0.00041299777705035013,855725.54375,-1.3837045401334762,169617.0,
876000,-0.00011046601509860921,865434.8453125,-1.3845305293798447,172589.296875,
878000,-0.00020225665540145598,869382.0796875,-1.384877347946167,175455.375,
880000,-2.4658691025081225e-05,860865.915625,-1.3829641968011857,168749.875,
882000,-6.87633244375263e-05,857583.8640625,-1.38287014067173,167107.484375,
884000,-0.0001024074175617784,867537.9390625,-1.3828747361898421,171070.796875,
886000,-2.026938282995161e-05,852479.2890625,-1.38144693672657,171552.15625,
888000,-6.71630521861033e-05,860435.95625,-1.3807613462209702,174184.703125,
890000,-0.0005739983019539708,857420.8859375,-1.3805047929286958,169449.34375,
892000,-9.776294356100834e-06,858706.64375,-1.380483442544937,167081.921875,
894000,-0.0009469071214084579,862895.996875,-1.37960784137249,168010.859375,
896000,-0.0006007398262038776,846545.2859375,-1.3802629113197327,167183.953125,
898000,3.395467840512367e-05,860850.453125,-1.3818477720022202,170156.484375,
900000,-0.0006870443064061149,856691.1484375,-1.383636286854744,168414.15625,
902000,-1.026882201671242e-05,863000.8046875,-1.3843924939632415,176566.03125,
904000,-6.864262353118988e-05,872066.26875,-1.384284606575966,174858.09375,
906000,-0.001229593445847854,854544.58125,-1.3837449997663498,170112.15625,
908000,5.7402254047289604e-05,876142.8921875,-1.3825467556715012,172599.109375,
910000,-0.00012048512923001908,884716.421875,-1.382356011867523,172529.671875,
912000,-3.4087468705479296e-05,881919.825,-1.3832086205482483,175414.390625,
914000,-0.0007167682048752511,885207.7375,-1.3833477705717088,180079.125,
916000,2.437944662680991e-05,870270.6953125,-1.3831142276525497,172000.765625,
918000,-0.00011984670149010058,871802.3046875,-1.384099653363228,173872.125,
920000,-0.0003945798236799192,862310.4671875,-1.38622085750103,165565.671875,
922000,-0.00013544212504967845,866724.5984375,-1.3874759256839753,171939.671875,
924000,-0.000266021140885897,853710.6015625,-1.3866974413394928,170439.328125,
926000,-5.733683060924477e-05,849069.875,-1.384771066904068,162275.703125,
928000,1.1364059652052561e-05,861929.6609375,-1.3835211396217346,170724.890625,
930000,-0.0010627574618482071,860971.565625,-1.3831804007291795,173516.6875,
932000,-0.00039545794849100703,852388.81875,-1.3812521696090698,167072.5625,
934000,-0.0005556473025542629,836079.378125,-1.379313513636589,168596.0625,
936000,-5.24341636173542e-05,844139.309375,-1.3798757284879684,166603.625,
938000,-0.00030693626552640295,845305.9359375,-1.3807992935180664,167573.0625,
940000,-0.00034004610848015204,850528.2859375,-1.3805177628993988,167995.09375,
942000,-0.00039693684967971875,846725.5453125,-1.3797248721122741,168875.078125,
944000,-0.0001295449307015417,849163.1828125,-1.3800199776887894,168530.546875,
946000,-0.000220008957597706,852101.4015625,-1.3811886370182038,167294.734375,
948000,-0.00019110415822041205,846338.11875,-1.3815211981534958,171065.609375,
950000,-0.0002773252740134069,839681.3140625,-1.3818737506866454,163454.265625,
952000,-0.0001879282266592952,838820.265625,-1.38288371860981,165326.75,
954000,-0.0002014145186286953,840040.5796875,-1.3846946597099303,165116.328125,
956000,-0.001231898122842523,835876.4078125,-1.3850988805294038,165467.015625,
958000,-9.729997843663796e-05,846213.68125,-1.385710170865059,169453.609375,
960000,-0.0001733503123118707,850512.653125,-1.3851387232542038,170064.8125,
962000,-0.00015044288070980015,856185.896875,-1.3849833548069,168019.703125,
964000,-0.00012223202933014932,846627.2328125,-1.386310675740242,163039.421875,
966000,-0.00014163141851533111,846260.3375,-1.3860285043716432,168637.875,
968000,-6.503727079234522e-05,847473.8828125,-1.3854364037513733,168989.359375,
970000,-3.957209515377258e-05,842311.384375,-1.385152381658554,169382.4375,
972000,-0.00045440527886455586,850096.996875,-1.3844852715730667,165052.875,
974000,-8.226812898115555e-06,849817.8125,-1.3828053385019303,167536.21875,
976000,-0.00024037039834823304,851936.4328125,-1.3820655733346938,169686.671875,
978000,1.3945500434431324e-06,839930.353125,-1.3805369228124618,171865.015625,
980000,-0.00015322747229618017,844001.21875,-1.3798289626836777,169890.953125,
982000,-0.00045620113558673123,848300.665625,-1.3794990599155426,164063.203125,
984000,-4.3354108273518933e-05,849376.2234375,-1.379706609249115,170219.796875,
986000,-0.00027686394800610083,850333.40625,-1.379241093993187,168088.15625,
988000,-5.269698240084608e-05,852825.46875,-1.3798506170511247,167172.53125,
990000,-0.00022171952546941044,860692.7359375,-1.3792619973421096,168392.671875,
992000,-0.0026119219042641363,867263.315625,-1.3775474071502685,172756.15625,
994000,0.00010755566063593846,843936.546875,-1.3775036305189132,165658.640625,
996000,-0.0003603717993037492,845868.05,-1.3778955698013307,171466.234375,
998000,-3.115532302206958e-05,837454.7828125,-1.3765422374010086,165708.5,
1000000,-5.934326657701661e-05,838025.74375,-1.3749790877103805,162140.40625,
