rollout/ep_len_mean,time/fps,time/total_timesteps,time/iterations,time/time_elapsed,rollout/ep_rew_mean,train/entropy_loss,train/value_loss,train/clip_range,train/n_updates,train/approx_kl,train/policy_gradient_loss,train/clip_fraction,train/loss,train/explained_variance,train/std,train/learning_rate
100.0,1478,8192,1,5,-28956.91114392592,,,,,,,,,,,
100.0,1204,16384,2,13,-20672.849983990003,-1.4227044254541397,18157790.959375,0.2,10,0.0033676066,-0.0017340153273835313,0.0255859375,4912741.5,-5.4836273193359375e-05,1.0069091320037842,0.0003
100.0,1158,24576,3,21,-17529.65779273,-1.425204837322235,5655961.06953125,0.2,20,0.002119978,-0.0007250057547935285,0.00286865234375,908889.25,-3.075599670410156e-05,1.0050021409988403,0.0003
100.0,1136,32768,4,28,-13582.82496543,-1.4201200693845748,3250213.8953125,0.2,30,0.0019211372,-0.0011261831350566354,0.00770263671875,577878.875,-6.318092346191406e-06,0.9977051019668579,0.0003
100.0,1124,40960,5,36,-12509.876678620001,-1.4173371043056249,2135824.46328125,0.2,40,0.0027488517,-0.0017171333212900209,0.0125732421875,306039.0625,3.337860107421875e-06,0.9999002814292908,0.0003
100.0,1116,49152,6,44,-10926.085072089998,-1.4208964999765157,1151640.8912109374,0.2,50,0.0038734586,-0.003497795623115962,0.03072509765625,224091.625,1.1622905731201172e-05,1.0054094791412354,0.0003
100.0,1110,57344,7,51,-10502.09733185,-1.4154236163944005,894620.7072265625,0.2,60,0.004526812,-0.0033489778666989877,0.03192138671875,182529.421875,-1.1920928955078125e-07,0.9886355996131897,0.0003
100.0,1106,65536,8,59,-10509.677343619998,-1.4032032329589128,775310.4181640625,0.2,70,0.0025499982,-0.0019384461891604587,0.01494140625,145275.171875,3.993511199951172e-06,0.9801352620124817,0.0003
100.0,1102,73728,9,66,-11076.03601177,-1.393676409497857,776265.25078125,0.2,80,0.0042244615,-0.0018415911425108788,0.02349853515625,155588.5625,4.410743713378906e-06,0.9685014486312866,0.0003
100.0,1100,81920,10,74,-10706.883499120002,-1.3857758540660143,892326.2908203125,0.2,90,0.003013524,-0.0013118579481670167,0.013232421875,169125.0,3.2186508178710938e-06,0.9668415784835815,0.0003
100.0,1097,90112,11,82,-10730.38122805,-1.3904332228004932,787628.5353515625,0.2,100,0.00078718935,-0.000246815156788216,0.00068359375,149096.8125,2.3245811462402344e-06,0.9767125248908997,0.0003
100.0,1096,98304,12,89,-10536.20235757,-1.3966775342822075,803397.1091796875,0.2,110,0.0033004591,-0.001972890758770518,0.01959228515625,156853.3125,2.205371856689453e-06,0.9790875911712646,0.0003
100.0,1094,106496,13,97,-10198.388335720001,-1.3946911040693521,748645.0259765625,0.2,120,0.0029365567,-0.0016694920992449624,0.0162109375,140724.078125,1.4901161193847656e-06,0.9753986597061157,0.0003
100.0,1093,114688,14,104,-10189.3069198,-1.3958458475768567,690697.89609375,0.2,130,0.0013473214,-0.00046858550958859266,0.00389404296875,130748.4921875,1.0132789611816406e-06,0.9778837561607361,0.0003
100.0,1092,122880,15,112,-10354.23212467,-1.3943827491253615,701063.7890625,0.2,140,0.0018696582,-0.0009487574388913345,0.0057861328125,129898.1015625,7.152557373046875e-07,0.9726440906524658,0.0003
100.0,1074,131072,16,121,-10159.53245507,-1.3857645966112613,724282.7384765625,0.2,150,0.002038374,-0.002086238579431665,0.01434326171875,141142.21875,5.960464477539062e-07,0.9631245136260986,0.0003
100.0,1074,139264,17,129,-10120.4217364,-1.3781757544726134,670742.3224609375,0.2,160,0.0011194432,-0.00040883236179070084,0.00196533203125,125464.0859375,0.0,0.9577943682670593,0.0003
100.0,1074,147456,18,137,-10035.653862829999,-1.3766754530370235,671106.1216796875,0.2,170,0.0010127054,-0.0002833929858752526,0.00068359375,126592.2734375,-1.1920928955078125e-07,0.9592946767807007,0.0003
100.0,1075,155648,19,144,-10003.478267609999,-1.3766448009759187,651209.577734375,0.2,180,0.0016001217,-0.000734727841700078,0.003076171875,125136.515625,7.152557373046875e-07,0.9574745297431946,0.0003
100.0,1075,163840,20,152,-10103.312190339999,-1.3759813267737626,643550.00703125,0.2,190,0.0022990536,-0.0004693324013715028,0.0037841796875,126376.78125,4.172325134277344e-07,0.9572204947471619,0.0003
100.0,1075,172032,21,159,-10086.67042554,-1.371838193014264,660387.937109375,0.2,200,0.0019163545,-0.0010010779875301522,0.00760498046875,121517.90625,1.1920928955078125e-07,0.9504297971725464,0.0003
100.0,1075,180224,22,167,-10045.56495211,-1.3740866009145976,646957.595703125,0.2,210,0.00167595,-0.0009954171579011017,0.0070556640625,124134.8359375,2.384185791015625e-07,0.9604485034942627,0.0003
100.0,1075,188416,23,175,-10004.96651264,-1.3770180080085992,636990.3927734375,0.2,220,0.0011577897,-0.00021297944404068402,0.00152587890625,120207.2109375,1.7881393432617188e-07,0.9561960697174072,0.0003
100.0,1075,196608,24,182,-10050.062063790001,-1.3693956643342973,626562.6408203125,0.2,230,0.002341686,-0.000460469660902163,0.00421142578125,122179.0078125,5.960464477539063e-08,0.9482290148735046,0.0003
100.0,1075,204800,25,190,-10162.03564623,-1.3606860812753439,634046.055859375,0.2,240,0.0023536053,-0.000664498519472545,0.007470703125,121641.2421875,5.960464477539063e-08,0.93878573179245,0.0003
100.0,1075,212992,26,197,-10123.06154293,-1.3524275511503219,646640.4091796875,0.2,250,0.002091189,-0.000962791057099821,0.0076171875,125739.8828125,0.0,0.9325834512710571,0.0003
100.0,1075,221184,27,205,-10026.60738619,-1.3486626476049424,633775.2607421875,0.2,260,0.000836586,-0.00017890734052343759,0.0003173828125,120597.6953125,1.7881393432617188e-07,0.9322001338005066,0.0003
100.0,1075,229376,28,213,-10104.92993642,-1.3481010098010302,612115.548046875,0.2,270,0.0029043355,-0.0010882378439418972,0.01297607421875,119518.765625,1.7881393432617188e-07,0.9305902719497681,0.0003
100.0,1076,237568,29,220,-10033.95455074,-1.349295013397932,626783.45,0.2,280,0.0044352673,-0.001731770208425587,0.02593994140625,118373.1875,5.960464477539063e-08,0.9331608414649963,0.0003
100.0,1076,245760,30,228,-10070.418066010001,-1.3459772486239672,607344.3484375,0.2,290,0.0021596327,-0.0006037391249265056,0.00648193359375,117376.28125,0.0,0.9258807301521301,0.0003
100.0,1076,253952,31,235,-10011.881903680001,-1.3416267573833465,613069.50390625,0.2,300,0.002016933,-0.00044866412099509034,0.00382080078125,118169.5625,0.0,0.9255420565605164,0.0003
100.0,1076,262144,32,243,-9977.73561365,-1.3385779198259116,593231.1345703125,0.2,310,0.0018038059,-0.0007318001029489096,0.00682373046875,113587.203125,0.0,0.9192262291908264,0.0003
100.0,1076,270336,33,251,-9898.56624283,-1.3339763347059488,591791.192578125,0.2,320,0.0031734928,-0.000616291588448803,0.0086181640625,109877.2578125,1.7881393432617188e-07,0.9175282716751099,0.0003
100.0,1076,278528,34,258,-9893.87983506,-1.3353087354451418,573484.5994140625,0.2,330,0.001293365,-0.0004304703528760001,0.0044921875,109490.1484375,0.0,0.9213933944702148,0.0003
100.0,1077,286720,35,266,-9869.87781538,-1.3372354742139578,569522.59921875,0.2,340,0.0014334427,-0.0003906298537913244,0.00518798828125,111080.0546875,1.7881393432617188e-07,0.9215547442436218,0.0003
100.0,1077,294912,36,273,-9816.54378907,-1.3438613168895244,562071.7588867188,0.2,350,0.0029698634,-0.0016756903714849614,0.0179443359375,108695.1640625,5.960464477539063e-08,0.931695282459259,0.0003
100.0,1077,303104,37,281,-9819.713237299999,-1.3518502954393625,551160.9794921875,0.2,360,0.0011463698,-0.00021965104278933722,0.0023193359375,108070.15625,0.0,0.9371302127838135,0.0003
100.0,1078,311296,38,288,-9862.19228454,-1.353762360662222,549061.8797851562,0.2,370,0.0026286968,-0.0013477133070409764,0.0169189453125,107674.8828125,-1.1920928955078125e-07,0.936428427696228,0.0003
100.0,1078,319488,39,296,-9934.61349658,-1.350514731183648,553296.6592773438,0.2,380,0.0020444933,-0.0007356988702667877,0.00731201171875,104565.6328125,0.0,0.9315130710601807,0.0003
100.0,1079,327680,40,303,-9997.87287714,-1.342332436516881,559209.4140625,0.2,390,0.0028492664,-0.0005628540504403646,0.00599365234375,110225.3671875,0.0,0.9210155606269836,0.0003
100.0,1079,335872,41,311,-9942.755437580001,-1.3349398743361234,564810.8189453125,0.2,400,0.0038871185,-0.0006739549058693229,0.0097412109375,110162.109375,0.0,0.9174700379371643,0.0003
100.0,1079,344064,42,318,-10003.90970002,-1.3326871179044246,548880.6315429688,0.2,410,0.0024165267,-0.0005458821506181266,0.00877685546875,103283.8828125,0.0,0.9172044992446899,0.0003
100.0,1080,352256,43,326,-10021.237905249998,-1.333391074091196,556867.971484375,0.2,420,0.0017959094,-0.0007255128133692778,0.007080078125,108965.890625,0.0,0.9173778891563416,0.0003
100.0,1080,360448,44,333,-10106.87995131,-1.3335453566163777,554980.1388671875,0.2,430,0.0026979167,-0.0009924301033606754,0.010546875,107265.9140625,0.0,0.917697012424469,0.0003
100.0,1080,368640,45,341,-10108.950038669998,-1.3302831936627626,565904.29765625,0.2,440,0.0018312349,-0.0003042280472072889,0.0051513671875,104572.515625,-1.1920928955078125e-07,0.9125415682792664,0.0003
100.0,1081,376832,46,348,-10179.25790852,-1.3236082158982754,557603.4456054687,0.2,450,0.0033674452,-0.0017126987979281694,0.0191162109375,107684.46875,5.960464477539063e-08,0.9055845141410828,0.0003
100.0,1081,385024,47,355,-10086.37238142,-1.3180988859385252,566878.71328125,0.2,460,0.0042257598,-0.0009297082942794077,0.01605224609375,110117.5078125,-1.1920928955078125e-07,0.9031130075454712,0.0003
100.0,1081,393216,48,363,-10067.6579962,-1.3189365901052952,547641.8274414062,0.2,470,0.0015173955,-0.00016169677401194348,0.00091552734375,106963.265625,0.0,0.9057862162590027,0.0003
100.0,1082,401408,49,370,-10101.06780391,-1.3163921792060136,541785.8244140625,0.2,480,0.0024743006,-0.0008106127992505207,0.01099853515625,102027.859375,0.0,0.8993977308273315,0.0003
100.0,1082,409600,50,378,-10049.17481218,-1.311345286667347,544934.0409179687,0.2,490,0.002034658,-0.0002569226553532644,0.0044921875,103194.765625,0.0,0.8973134160041809,0.0003
100.0,1082,417792,51,385,-10035.573855730001,-1.3085774250328541,531300.6524414063,0.2,500,0.0018669756,-0.0007466381175618153,0.00751953125,102401.171875,0.0,0.8931703567504883,0.0003
100.0,1083,425984,52,393,-10127.96643097,-1.308367621153593,528354.7403320313,0.2,510,0.0017668651,-0.0009124988166149706,0.0075439453125,101786.40625,0.0,0.8973371982574463,0.0003
100.0,1083,434176,53,400,-10041.020923680002,-1.3086777072399856,539320.2798828125,0.2,520,0.0022293797,-0.0005459072228404694,0.00606689453125,101856.2890625,0.0,0.8939266204833984,0.0003
100.0,1084,442368,54,408,-9969.95080437,-1.3097080066800117,517613.39287109376,0.2,530,0.0014602019,-0.0004753172885102686,0.00574951171875,98901.3125,0.0,0.8982335925102234,0.0003
100.0,1084,450560,55,415,-10013.84244378,-1.3102022416889667,505489.4852539062,0.2,540,0.0030875062,-0.0015887095531070372,0.01461181640625,96342.84375,0.0,0.8954615592956543,0.0003
100.0,1084,458752,56,422,-10108.96225117,-1.305742660537362,512441.1087890625,0.2,550,0.0021954014,-0.00044926693226443604,0.007568359375,99454.9140625,0.0,0.8909823894500732,0.0003
100.0,1085,466944,57,430,-10152.03061324,-1.3061554692685604,522355.037890625,0.2,560,0.0006537143,-0.0002126078299625078,0.00069580078125,100318.5625,1.7881393432617188e-07,0.8942172527313232,0.0003
100.0,1085,475136,58,437,-10097.51548628,-1.305059576407075,523099.4240234375,0.2,570,0.0013839812,-0.0004027632727229502,0.00355224609375,98935.765625,0.0,0.8905630707740784,0.0003
100.0,1085,483328,59,445,-10069.32957955,-1.3060018926858903,508242.5193359375,0.2,580,0.0014048092,-0.0005338862501957919,0.00416259765625,94568.0390625,0.0,0.8947126269340515,0.0003
100.0,1085,491520,60,452,-10136.46764738,-1.3062844675034284,501370.30302734376,0.2,590,0.0029712243,-0.0013271299758343957,0.01551513671875,97196.2890625,-1.1920928955078125e-07,0.8913503885269165,0.0003
100.0,1086,499712,61,460,-10236.56460274,-1.298733028396964,509250.4756835938,0.2,600,0.001545765,-0.0003202438172593247,0.00301513671875,96064.53125,0.0,0.8833202719688416,0.0003
100.0,1086,507904,62,467,-10248.70554678,-1.289610707759857,522229.61259765626,0.2,610,0.0016499171,-0.0005405244479334215,0.00367431640625,96337.5625,0.0,0.8738359212875366,0.0003
100.0,1086,516096,63,474,-10322.659194490001,-1.2847827337682247,519090.04267578124,0.2,620,0.0009482043,-0.0002265250532218488,0.00172119140625,98315.5390625,0.0,0.874201774597168,0.0003
100.0,1086,524288,64,482,-10346.72391975,-1.2858294241130352,525365.014453125,0.2,630,0.0007031877,-1.8517822900321336e-05,0.00047607421875,97801.3203125,0.0,0.8757854700088501,0.0003
100.0,1087,532480,65,489,-10406.873105450002,-1.2824455592781305,523594.18095703126,0.2,640,0.0015067358,-0.0007418677581881638,0.0071044921875,99547.75,1.1920928955078125e-07,0.8694763779640198,0.0003
100.0,1087,540672,66,497,-10484.48921376,-1.282313859090209,529397.229296875,0.2,650,0.0014523154,-0.0001547397783724591,0.00181884765625,100947.53125,1.1920928955078125e-07,0.8746897578239441,0.0003
100.0,1087,548864,67,504,-10409.901955709998,-1.2781664047390222,536132.153125,0.2,660,0.001704009,-0.000442423383356072,0.0048095703125,103959.890625,0.0,0.8632431030273438,0.0003
100.0,1087,557056,68,512,-10275.06204429,-1.2749034218490123,518943.53125,0.2,670,0.0011045252,1.098600696423091e-05,0.0014404296875,102779.2265625,0.0,0.8677706718444824,0.0003
100.0,1088,565248,69,519,-10389.92953008,-1.2742835391312837,496095.3240234375,0.2,680,0.0037662305,-0.001443891391681973,0.01942138671875,92103.4296875,-1.1920928955078125e-07,0.8636046051979065,0.0003
100.0,1088,573440,70,526,-10343.582559299999,-1.2758610662072898,514809.0379882812,0.2,690,0.0017635073,-0.0014425674628000707,0.01279296875,95871.5625,0.0,0.869346559047699,0.0003
100.0,1088,581632,71,534,-10400.48559225,-1.2763945892453195,496440.11357421876,0.2,700,0.0024812354,-0.00048038211461971515,0.005029296875,94486.0234375,0.0,0.8641176819801331,0.0003
100.0,1088,589824,72,541,-10298.37682716,-1.2735181104391813,506571.961328125,0.2,710,0.002819166,-0.0012202501276988187,0.01522216796875,100556.0390625,0.0,0.8655097484588623,0.0003
100.0,1088,598016,73,549,-10199.87900828,-1.2723512459546327,485424.4845703125,0.2,720,0.002390522,-0.000735065882327035,0.01094970703125,90675.875,-2.384185791015625e-07,0.8619453310966492,0.0003
100.0,1089,606208,74,556,-10112.519338740001,-1.2681716833263637,469018.0111328125,0.2,730,0.004437771,-0.0013076327712042257,0.01729736328125,90468.2421875,0.0,0.8587472438812256,0.0003
100.0,1089,614400,75,564,-10154.671945119999,-1.270652025565505,453392.70478515624,0.2,740,0.0011252367,-0.0001223040177137591,0.002685546875,85360.8828125,0.0,0.864628791809082,0.0003
100.0,1089,622592,76,571,-10109.429129420001,-1.2646062057465315,461161.4100585937,0.2,750,0.0017505132,-0.0008051843175053364,0.00755615234375,86054.1796875,0.0,0.8497954607009888,0.0003
100.0,1089,630784,77,578,-10078.41112086,-1.2557584058493376,449461.9919921875,0.2,760,0.0015278542,-0.00015692742163082586,0.0049560546875,82933.421875,0.0,0.8488770723342896,0.0003
100.0,1089,638976,78,586,-10159.75301075,-1.2527004577219487,441966.8404296875,0.2,770,0.002122871,-0.0011435462012741482,0.014453125,84399.0546875,0.0,0.8448885679244995,0.0003
100.0,1090,647168,79,593,-10116.3669855,-1.2501545768231153,452472.1473632812,0.2,780,0.0020290115,-0.0005274571609334089,0.00902099609375,85059.4375,1.1920928955078125e-07,0.8442533016204834,0.0003
100.0,1090,655360,80,601,-10135.86629338,-1.2472061328589916,439029.286328125,0.2,790,0.0025094938,-0.00021849037111678626,0.00435791015625,82983.6875,0.0,0.8398312330245972,0.0003
100.0,1090,663552,81,608,-10241.94832972,-1.2443343717604876,442789.86572265625,0.2,800,0.0012974937,-7.673173167859204e-05,0.00091552734375,84781.40625,0.0,0.8395807147026062,0.0003
100.0,1090,671744,82,615,-10169.348151400001,-1.2433979086577893,451518.0080078125,0.2,810,0.0008698553,-0.0006006514580803923,0.0070068359375,81657.984375,-1.1920928955078125e-07,0.8378605842590332,0.0003
100.0,1090,679936,83,623,-10151.435422899998,-1.2466512084007264,434619.962890625,0.2,820,0.0008151396,-9.304561972385272e-05,0.00286865234375,82702.0859375,0.0,0.8450945019721985,0.0003
100.0,1090,688128,84,630,-10120.584912639999,-1.2510679721832276,432363.708984375,0.2,830,0.0015980912,-0.00035043976531596855,0.00484619140625,82709.578125,0.0,0.845592737197876,0.0003
100.0,1091,696320,85,638,-10126.800211560001,-1.2596054837107657,424067.851171875,0.2,840,0.0007856861,-0.0002298765342857223,0.0019287109375,82293.2421875,0.0,0.8585556745529175,0.0003
100.0,1091,704512,86,645,-10124.544604780001,-1.2586834579706192,424073.4125,0.2,850,0.0009682535,-0.00043839294248755324,0.002978515625,81118.3828125,0.0,0.8453445434570312,0.0003
100.0,1091,712704,87,653,-10126.92968332,-1.2484062392264605,420048.83466796874,0.2,860,0.0014104526,-0.0006473704823292791,0.00950927734375,79135.6484375,0.0,0.8417598605155945,0.0003
100.0,1091,720896,88,660,-10102.62786912,-1.2537611737847327,416391.0782226563,0.2,870,0.0011341455,-0.0004867508352617733,0.00411376953125,79772.125,-2.384185791015625e-07,0.8532755374908447,0.0003
100.0,1091,729088,89,667,-9999.43293983,-1.256398792564869,410564.75947265624,0.2,880,0.0037328796,-0.0006999703182373196,0.014697265625,80095.6328125,-2.384185791015625e-07,0.846367597579956,0.0003
100.0,1091,737280,90,675,-10059.61490894,-1.2585739195346832,393670.97978515626,0.2,890,0.002108696,-0.0005812514529679902,0.00777587890625,70928.8203125,1.1920928955078125e-07,0.8563946485519409,0.0003
100.0,1091,745472,91,682,-10128.85314829,-1.262076199799776,403098.774609375,0.2,900,0.0018333332,-0.00046453993672912475,0.00810546875,78386.359375,0.0,0.8526780605316162,0.0003
100.0,1091,753664,92,690,-10062.055338950002,-1.2565351516008376,406237.246484375,0.2,910,0.0024796207,-0.0009465260074648541,0.01180419921875,77516.78125,0.0,0.8481310606002808,0.0003
100.0,1092,761856,93,697,-10049.203068309998,-1.2566769268363713,392049.06201171875,0.2,920,0.0011593017,-0.0003997053507191595,0.00440673828125,73848.34375,-1.1920928955078125e-07,0.8513443470001221,0.0003
100.0,1092,770048,94,705,-10092.690250509999,-1.2487553477287292,390683.215234375,0.2,930,0.0018271366,-0.0010210349668341224,0.0111572265625,74619.8125,0.0,0.8368496298789978,0.0003
100.0,1092,778240,95,712,-10027.25612672,-1.2355812415480614,393498.5765625,0.2,940,0.003934752,-0.001406369497635751,0.02308349609375,76508.7421875,-1.1920928955078125e-07,0.8290551900863647,0.0003
100.0,1092,786432,96,719,-10043.314442919998,-1.2302980344742536,379433.1131835937,0.2,950,0.0016484873,-0.0007198936498753028,0.0098388671875,70807.0703125,0.0,0.8276844024658203,0.0003
100.0,1092,794624,97,727,-10035.77661876,-1.2316700637340545,380509.3211914062,0.2,960,0.00061650574,3.430433134781197e-05,0.00067138671875,72294.9140625,0.0,0.8306768536567688,0.0003
100.0,1092,802816,98,734,-10120.24915635,-1.233866284787655,376302.3072265625,0.2,970,0.0028660647,-0.00076606070069829,0.01268310546875,71552.75,0.0,0.8304786086082458,0.0003
100.0,1092,811008,99,742,-10258.05306616,-1.2267845448106527,385605.643359375,0.2,980,0.0029640184,-0.0015050337828142802,0.01617431640625,76070.5,1.1920928955078125e-07,0.819799542427063,0.0003
100.0,1092,819200,100,749,-10328.73967604,-1.2212482005357743,398811.98759765626,0.2,990,0.0015724654,-0.0001755135195708135,0.00357666015625,75799.859375,-1.1920928955078125e-07,0.8214101791381836,0.0003
100.0,1092,827392,101,756,-10326.2292318,-1.2219286765903234,403357.97197265626,0.2,1000,0.002489915,-0.0011840541897981892,0.0162109375,76490.171875,0.0,0.8201043605804443,0.0003
100.0,1093,835584,102,764,-10263.137106870003,-1.219260051473975,396407.7767578125,0.2,1010,0.0014973698,-0.00028964670636923986,0.00615234375,78883.65625,0.0,0.8179687261581421,0.0003
100.0,1093,843776,103,771,-10344.14203414,-1.2190933499485255,386530.157421875,0.2,1020,0.0015823841,-8.145567444444169e-05,0.002978515625,72701.296875,0.0,0.8195327520370483,0.0003
100.0,1093,851968,104,779,-10399.81913054,-1.2246388766914607,394307.2177734375,0.2,1030,0.00095812586,-0.00020010468106193002,0.0021484375,75950.0625,0.0,0.8268966674804688,0.0003
100.0,1093,860160,105,786,-10288.023240649998,-1.2234247840940953,397805.3994140625,0.2,1040,0.0030605174,-0.0010676578618586063,0.01654052734375,76290.53125,-2.384185791015625e-07,0.8186724185943604,0.0003
100.0,1093,868352,106,794,-10222.71838811,-1.2182506337761878,376465.10625,0.2,1050,0.0012691619,-0.0004086091194039909,0.00357666015625,71884.7578125,0.0,0.8167824149131775,0.0003
100.0,1093,876544,107,801,-10305.94761162,-1.2122174929827452,369062.2999023438,0.2,1060,0.0017148363,-0.0007169864038587548,0.00928955078125,68941.0390625,0.0,0.8098557591438293,0.0003
100.0,1093,884736,108,808,-10228.70166624,-1.2040438782423735,378795.1345703125,0.2,1070,0.0025238364,-0.0005682369039277547,0.0069580078125,70481.78125,0.0,0.8043206930160522,0.0003
100.0,1093,892928,109,816,-10141.30533689,-1.2009383954107762,360935.17255859374,0.2,1080,0.0031709601,-0.0013269562892674002,0.01719970703125,66656.8828125,0.0,0.8044012188911438,0.0003
100.0,1093,901120,110,823,-10044.35498494,-1.1971406951546668,351003.3517578125,0.2,1090,0.0039127395,-0.0013534742560295855,0.0189208984375,68872.1796875,0.0,0.7986807823181152,0.0003
100.0,1093,909312,111,831,-9992.473984270002,-1.2032383643090725,334869.9267578125,0.2,1100,0.0018647626,-0.0006758541290764697,0.007568359375,62310.86328125,0.0,0.8118088245391846,0.0003
100.0,1093,917504,112,838,-9985.189651499999,-1.2034392889589072,328964.42158203124,0.2,1110,0.0009755099,-0.00013504143062164075,0.00084228515625,58905.56640625,0.0,0.8007940649986267,0.0003
100.0,1094,925696,113,846,-9926.40533217,-1.192061736062169,327155.14423828124,0.2,1120,0.0026547727,-0.0010339852055039956,0.014599609375,60220.8671875,0.0,0.7946978807449341,0.0003
100.0,1094,933888,114,853,-9966.43118446,-1.185177231580019,315660.01923828124,0.2,1130,0.0050933063,-0.002134047925210325,0.03505859375,60345.2734375,-1.1920928955078125e-07,0.7885982990264893,0.0003
100.0,1094,942080,115,860,-10026.161992749998,-1.172647412121296,320394.01533203124,0.2,1140,0.0056646494,-0.002580348344054073,0.03660888671875,60201.04296875,0.0,0.7763808965682983,0.0003
100.0,1094,950272,116,868,-10099.85959937,-1.1601144433021546,323036.1056640625,0.2,1150,0.0032096189,-0.0005210065261053387,0.00926513671875,60154.66796875,-1.1920928955078125e-07,0.7694383859634399,0.0003
100.0,1094,958464,117,875,-10128.41717855,-1.1567038752138614,330093.8036132812,0.2,1160,0.0020184168,-0.0008636359314550645,0.0083740234375,65331.4765625,0.0,0.7689380645751953,0.0003
100.0,1094,966656,118,883,-10188.941618599998,-1.1539968796074391,327606.07958984375,0.2,1170,0.0015136787,-0.000742283284489531,0.0097412109375,63903.41796875,-1.1920928955078125e-07,0.765365719795227,0.0003
100.0,1094,974848,119,890,-10205.62953587,-1.152096066251397,334258.85224609374,0.2,1180,0.0019056783,-0.001016973409059574,0.01075439453125,61763.2734375,0.0,0.7656362056732178,0.0003
100.0,1094,983040,120,898,-10112.4148036,-1.149559635668993,330369.626171875,0.2,1190,0.0030211357,-0.0008519760194758419,0.017431640625,61773.53515625,-1.1920928955078125e-07,0.763015627861023,0.0003
100.0,1094,991232,121,905,-10059.277383480001,-1.144161504879594,314732.97783203126,0.2,1200,0.0032556043,-0.0009562218197970651,0.01590576171875,58500.109375,1.1920928955078125e-07,0.7571393847465515,0.0003
100.0,1094,999424,122,912,-10028.268132100002,-1.1323903437703848,307792.309765625,0.2,1210,0.0021044507,-0.0005374722153646871,0.00482177734375,55837.82421875,-1.1920928955078125e-07,0.7447704076766968,0.0003
100.0,1094,1007616,123,920,-10054.51595382,-1.123808677494526,303215.99248046876,0.2,1220,0.0008758409,-4.577297295327298e-06,0.00234375,55879.2109375,0.0,0.744030237197876,0.0003
100.0,1094,1015808,124,927,-10017.76516837,-1.1149181343615056,304572.34541015624,0.2,1230,0.0013713278,-0.0005167642113519833,0.00567626953125,56719.69921875,0.0,0.7322797775268555,0.0003
100.0,1094,1024000,125,935,-9991.574291530002,-1.1062184616923332,295477.81513671874,0.2,1240,0.0010709392,-0.00028143716754129854,0.00167236328125,56303.8515625,0.0,0.7302981615066528,0.0003
100.0,1095,1032192,126,942,-9992.12367289,-1.1025747872889042,292707.03828125,0.2,1250,0.0008525774,-0.00012528503029898274,0.003564453125,55249.73046875,0.0,0.727219820022583,0.0003
100.0,1095,1040384,127,950,-10028.6131412,-1.1020745411515236,288715.83515625,0.2,1260,0.0031007323,-0.0007221426429168786,0.01585693359375,54422.87890625,0.0,0.7290163636207581,0.0003
100.0,1095,1048576,128,957,-10063.76354926,-1.104139058664441,292066.969921875,0.2,1270,0.002191339,-0.0009233619835868012,0.01470947265625,55276.11328125,0.0,0.7308262586593628,0.0003
100.0,1095,1056768,129,964,-10133.06625363,-1.1073828905820846,291502.5685546875,0.2,1280,0.0022666568,-5.2036779743502846e-05,0.00338134765625,55861.37890625,-1.1920928955078125e-07,0.7347538471221924,0.0003
100.0,1095,1064960,130,972,-10117.057165389999,-1.1112301986664535,295383.3024902344,0.2,1290,0.001111056,-0.00028729171099257657,0.00205078125,51509.34375,-1.1920928955078125e-07,0.7351415157318115,0.0003
100.0,1095,1073152,131,979,-10176.05311356,-1.1129714280366898,290804.63125,0.2,1300,0.0022559569,-0.000122807826846838,0.0065185546875,54993.39453125,-1.1920928955078125e-07,0.7370682954788208,0.0003
100.0,1095,1081344,132,987,-10212.11578668,-1.1107360258698464,296075.34033203125,0.2,1310,0.0022977255,-0.0012105245488783112,0.0123779296875,54222.703125,0.0,0.7318640947341919,0.0003
100.0,1095,1089536,133,994,-10177.6485105,-1.1095909263938666,296068.9763671875,0.2,1320,0.001801281,0.0001878117531305179,0.002587890625,54208.55078125,-1.1920928955078125e-07,0.7346109747886658,0.0003
100.0,1095,1097728,134,1001,-10115.752662609999,-1.1048658654093741,287656.7028808594,0.2,1330,0.0011056107,-0.0002685022394871339,0.00379638671875,55602.3125,0.0,0.7272751331329346,0.0003
100.0,1095,1105920,135,1009,-10065.15715027,-1.0903721299022435,280051.79897460935,0.2,1340,0.002004153,-0.0006470912052463973,0.00797119140625,51278.89453125,5.960464477539063e-08,0.7135313749313354,0.0003
100.0,1095,1114112,136,1016,-9997.52370278,-1.0765599511563777,271422.09663085936,0.2,1350,0.0019867027,-0.0009658615192165599,0.0152587890625,51053.65625,5.960464477539063e-08,0.7074683904647827,0.0003
100.0,1095,1122304,137,1024,-10009.27891434,-1.075664682686329,261911.1716796875,0.2,1360,0.0028909596,-0.0010634050158842001,0.01563720703125,49026.9375,5.960464477539063e-08,0.7112059593200684,0.0003
100.0,1095,1130496,138,1031,-9974.760585810001,-1.0766133334487678,262215.5760742187,0.2,1370,0.003638295,-0.0006664421722234693,0.01326904296875,50079.25,0.0,0.7094659805297852,0.0003
100.0,1095,1138688,139,1039,-10015.237233790001,-1.0733522646129132,255119.9037109375,0.2,1380,0.0029212902,-0.000687747640768066,0.01373291015625,48203.5546875,0.0,0.7068274021148682,0.0003
100.0,1095,1146880,140,1046,-10092.75858166,-1.0650937642902136,258369.43994140625,0.2,1390,0.003874177,-0.0007851720674807439,0.01453857421875,45610.5546875,0.0,0.6977646946907043,0.0003
100.0,1095,1155072,141,1053,-10046.203050170001,-1.0513293620198965,263408.80864257814,0.2,1400,0.0033078424,-0.0007701111735514132,0.01380615234375,49647.234375,0.0,0.6883247494697571,0.0003
100.0,1096,1163264,142,1061,-10011.63896791,-1.0451886758208275,253351.77939453124,0.2,1410,0.0009207856,-0.00033453810428909494,0.00294189453125,46976.41015625,0.0,0.6880009770393372,0.0003
100.0,1096,1171456,143,1068,-9989.645954429998,-1.0383626263588668,248822.97587890626,0.2,1420,0.001641864,-0.00029002159790252334,0.00604248046875,47060.390625,0.0,0.6794126629829407,0.0003
100.0,1096,1179648,144,1076,-10012.7546054,-1.0352232482284307,244126.05595703126,0.2,1430,0.0015640822,-0.00035241399200458545,0.0037353515625,45335.2578125,1.1920928955078125e-07,0.6830735802650452,0.0003
100.0,1096,1187840,145,1083,-10009.287734090001,-1.0356125377118588,244780.92006835938,0.2,1440,0.0019799033,-0.0006490702686278383,0.01064453125,44852.984375,-1.1920928955078125e-07,0.6800745129585266,0.0003
100.0,1096,1196032,146,1091,-10043.50890322,-1.0326949719339609,242630.7625,0.2,1450,0.0025372263,-0.0008072006407019216,0.0132568359375,45656.8984375,1.1920928955078125e-07,0.6792780756950378,0.0003
100.0,1096,1204224,147,1098,-10172.88092053,-1.0305866952985525,243783.9652832031,0.2,1460,0.0033218039,-0.001083344981088885,0.022607421875,45306.06640625,0.0,0.6772962808609009,0.0003
100.0,1096,1212416,148,1105,-10215.55464794,-1.0258144427090883,254006.44067382812,0.2,1470,0.002203787,3.906929669028614e-05,0.0047607421875,47285.6015625,0.0,0.6732710599899292,0.0003
100.0,1096,1220608,149,1113,-10148.538187,-1.0271411668509245,254467.8579589844,0.2,1480,0.0011087599,-7.573668262921274e-05,0.0049560546875,48179.76953125,0.0,0.6781303882598877,0.0003
100.0,1096,1228800,150,1120,-10147.45508352,-1.0282206308096646,243023.9888183594,0.2,1490,0.0015341261,-0.0007058979330395232,0.0087646484375,46660.64453125,0.0,0.6744586229324341,0.0003
100.0,1096,1236992,151,1128,-10221.85651497,-1.029179524257779,242997.55834960938,0.2,1500,0.00332145,-0.0004731284658191726,0.01435546875,46629.30859375,0.0,0.6799076795578003,0.0003
100.0,1096,1245184,152,1135,-10162.18060675,-1.0299919713288546,249001.09965820314,0.2,1510,0.003694538,-0.0010478898639121326,0.02037353515625,45919.7109375,0.0,0.6756608486175537,0.0003
100.0,1096,1253376,153,1143,-10122.47029662,-1.0307949885725975,237718.45131835938,0.2,1520,0.0026381393,5.454542588267941e-05,0.004248046875,44980.64453125,0.0,0.6802777647972107,0.0003
100.0,1096,1261568,154,1150,-10111.221665179999,-1.0356599643826485,232828.2458984375,0.2,1530,0.0012926094,-0.00048724873231549283,0.00445556640625,43520.39453125,0.0,0.6814682483673096,0.0003
100.0,1096,1269760,155,1157,-10065.83763658,-1.041232205182314,228986.70825195312,0.2,1540,0.001756601,-0.0004723686812212691,0.0111083984375,41157.2578125,0.0,0.6883509159088135,0.0003
100.0,1096,1277952,156,1165,-10126.06300277,-1.0452111456543207,222886.47744140626,0.2,1550,0.0027332343,-0.0010461043020768557,0.01732177734375,41369.23046875,0.0,0.6874305605888367,0.0003
100.0,1096,1286144,157,1172,-10187.319716720001,-1.039989960193634,227133.595703125,0.2,1560,0.0035238974,-0.0018856148497434333,0.022509765625,41892.97265625,1.1920928955078125e-07,0.6821634769439697,0.0003
100.0,1096,1294336,158,1180,-10193.98806227,-1.0324048195034266,230045.65698242188,0.2,1570,0.0013922208,-0.0006843558381660842,0.0109375,43582.46484375,-1.1920928955078125e-07,0.6770412921905518,0.0003
100.0,1096,1302528,159,1187,-10130.928435770002,-1.0313428893685341,227982.71899414062,0.2,1580,0.0033160672,-0.0011422285184380597,0.02216796875,42668.76953125,0.0,0.680282711982727,0.0003
100.0,1096,1310720,160,1194,-10094.588656689999,-1.0314833711832763,217729.9359375,0.2,1590,0.0025107665,-0.001518016312911641,0.01910400390625,41557.5859375,0.0,0.678142786026001,0.0003
100.0,1096,1318912,161,1202,-10085.72090879,-1.0253611210733653,213659.05634765624,0.2,1600,0.0012141203,-0.0001616971283510793,0.00479736328125,39236.515625,0.0,0.672224760055542,0.0003
100.0,1096,1327104,162,1209,-10071.154473809998,-1.0139294151216744,211470.93100585937,0.2,1610,0.0017970074,-0.0008023607595532666,0.01322021484375,39089.0703125,-1.1920928955078125e-07,0.6626079678535461,0.0003
100.0,1096,1335296,163,1217,-10110.51848936,-1.0051968883723021,207353.81762695312,0.2,1620,0.0031786226,-0.00010839867645699997,0.00572509765625,38899.375,0.0,0.6601133942604065,0.0003
100.0,1097,1343488,164,1224,-10124.683419050001,-0.9973468337208032,210306.22421875,0.2,1630,0.00035085322,0.00012427280162228272,0.00177001953125,37944.1875,0.0,0.6520563960075378,0.0003
100.0,1097,1351680,165,1232,-10154.20817671,-0.9834987770766019,207958.05629882813,0.2,1640,0.0015851597,2.0419831707840784e-05,0.00391845703125,38198.29296875,0.0,0.6429781913757324,0.0003
100.0,1097,1359872,166,1239,-10198.476207830001,-0.9765240928158164,208394.60288085937,0.2,1650,0.0017015111,-0.00021025979658588766,0.00704345703125,39592.96484375,0.0,0.6415039300918579,0.0003
100.0,1097,1368064,167,1246,-10212.70225137,-0.9695167591795325,209547.3115234375,0.2,1660,0.0037202416,-0.0005964651514659636,0.01351318359375,39196.63671875,0.0,0.6345632076263428,0.0003
100.0,1096,1376256,168,1254,-10170.32632501,-0.9623138129711151,207485.73759765626,0.2,1670,0.001733118,-0.0005111995935294545,0.01009521484375,39194.0234375,-1.1920928955078125e-07,0.6322871446609497,0.0003
100.0,1096,1384448,169,1262,-10147.0774842,-0.9577575111761689,202550.26171875,0.2,1680,0.001748955,-0.0007462760317139327,0.01640625,37948.65625,1.1920928955078125e-07,0.628582775592804,0.0003
100.0,1096,1392640,170,1269,-10138.49413973,-0.9476052109152079,198571.84873046874,0.2,1690,0.0030569667,-0.0005659980375639862,0.01209716796875,37057.8046875,0.0,0.6208463311195374,0.0003
100.0,1096,1400832,171,1277,-10187.53078876,-0.933950867690146,194905.46313476562,0.2,1700,0.002501716,-0.0008840443486406002,0.019970703125,36039.7890625,-1.1920928955078125e-07,0.6111708879470825,0.0003
100.0,1096,1409024,172,1284,-10198.63440041,-0.9241967879235744,199283.86005859374,0.2,1710,0.0020274953,-9.05812776181847e-06,0.00653076171875,36849.37890625,0.0,0.6087333559989929,0.0003
100.0,1096,1417216,173,1292,-10171.86577364,-0.9165850788354873,196237.57314453126,0.2,1720,0.0013803333,-0.0007203829292848241,0.00943603515625,36218.6875,0.0,0.601934552192688,0.0003
100.0,1096,1425408,174,1299,-10218.90958558,-0.9082447538152337,190410.77548828124,0.2,1730,0.0011873345,0.00019985312483186135,0.00618896484375,34980.2421875,0.0,0.5980939865112305,0.0003
100.0,1096,1433600,175,1306,-10210.19650017,-0.9083551527932286,195791.12319335938,0.2,1740,0.0025704429,-0.0009458061038458254,0.01494140625,36376.7734375,1.1920928955078125e-07,0.6020390391349792,0.0003
100.0,1096,1441792,176,1314,-10107.371679639999,-0.9103914208710193,188760.56728515626,0.2,1750,0.001831593,3.0512198645737953e-05,0.0039306640625,34463.05859375,0.0,0.6014048457145691,0.0003
100.0,1097,1449984,177,1321,-10126.78584432,-0.9139990730211138,178140.02905273438,0.2,1760,0.0026331358,-0.00047924113132467026,0.013525390625,33151.6015625,0.0,0.6049946546554565,0.0003
100.0,1097,1458176,178,1329,-10155.38976768,-0.9079492961987853,181135.66791992186,0.2,1770,0.0016004664,-0.00015702068922109901,0.0043701171875,33791.15234375,0.0,0.5954146981239319,0.0003
100.0,1097,1466368,179,1336,-10268.011065449999,-0.8951029159128666,179522.2173828125,0.2,1780,0.00310926,-0.0014964299247367308,0.02574462890625,32435.587890625,0.0,0.5898857116699219,0.0003
100.0,1097,1474560,180,1344,-10213.01737999,-0.8940576633438468,189868.17255859374,0.2,1790,0.0025136531,-0.0008498918061377481,0.02181396484375,34681.7734375,0.0,0.5937318205833435,0.0003
100.0,1097,1482752,181,1351,-10194.305470330002,-0.8874034838750958,178999.86313476562,0.2,1800,0.0012125702,-0.00040256843458337245,0.0076416015625,31938.4140625,0.0,0.5829545259475708,0.0003
100.0,1097,1490944,182,1358,-10166.149841030001,-0.8750377498567105,178719.88369140626,0.2,1810,0.0014878858,-0.00054653295846947,0.00762939453125,32805.453125,0.0,0.5783211588859558,0.0003
100.0,1097,1499136,183,1366,-10144.51326037,-0.8745787408202886,172342.58081054688,0.2,1820,0.0015820081,-0.00013290786519064567,0.00726318359375,31634.92578125,0.0,0.5806606411933899,0.0003
100.0,1097,1507328,184,1373,-10124.290024519998,-0.8728577625006437,168881.65546875,0.2,1830,0.0016596506,-9.326130893896333e-05,0.009619140625,30971.26171875,-1.1920928955078125e-07,0.5779457092285156,0.0003
100.0,1097,1515520,185,1381,-10211.89707081,-0.8663323374465108,164729.94248046874,0.2,1840,0.003305179,-0.0015094033849891275,0.023876953125,29680.162109375,1.1920928955078125e-07,0.5736424922943115,0.0003
100.0,1097,1523712,186,1388,-10180.44335582,-0.8578472800552845,172991.31875,0.2,1850,0.0019004284,-0.0005038360031903721,0.0120849609375,31674.873046875,-1.1920928955078125e-07,0.5682511329650879,0.0003
100.0,1097,1531904,187,1395,-10153.921924100001,-0.8600903887301683,165277.8015625,0.2,1860,0.0015567146,-0.00012447491972125135,0.00621337890625,30633.93359375,-1.1920928955078125e-07,0.5744660496711731,0.0003
100.0,1097,1540096,188,1403,-10173.26221189,-0.8637365859001875,162729.20532226562,0.2,1870,0.0024037133,-0.0006728240408847341,0.0130615234375,29214.0625,0.0,0.5734525918960571,0.0003
100.0,1097,1548288,189,1410,-10174.24615311,-0.859551964700222,163106.0173828125,0.2,1880,0.0024074349,-0.0007039644209726248,0.010791015625,29774.7265625,1.1920928955078125e-07,0.5699504613876343,0.0003
100.0,1097,1556480,190,1418,-10233.30863829,-0.8522858398035169,160279.72563476564,0.2,1890,0.0020070965,-0.0005167948500456987,0.01461181640625,30567.46484375,0.0,0.5650623440742493,0.0003
100.0,1097,1564672,191,1425,-10420.71869613,-0.8512350160628557,164605.25869140626,0.2,1900,0.0023066392,-0.0006206643745827023,0.0151611328125,30893.814453125,0.0,0.5685092210769653,0.0003
100.0,1097,1572864,192,1433,-10304.028433039999,-0.8510657945647836,179413.20336914062,0.2,1910,0.0042356867,-0.0011351540702889905,0.0262939453125,33608.828125,1.1920928955078125e-07,0.5653620958328247,0.0003
100.0,1097,1581056,193,1440,-10466.19431407,-0.8478295225650072,161661.22138671874,0.2,1920,0.0026532281,-0.0007614082482177764,0.01817626953125,28815.578125,1.1920928955078125e-07,0.564565896987915,0.0003
100.0,1097,1589248,194,1447,-10455.47916863,-0.8429442875087261,178515.53037109374,0.2,1930,0.0025321373,-0.0004907696689770092,0.0147705078125,32615.9296875,0.0,0.5600152015686035,0.0003
100.0,1097,1597440,195,1455,-10600.41612334,-0.8348978029564023,169942.34458007812,0.2,1940,0.0023736397,-0.00022082361138018314,0.0115966796875,31067.123046875,0.0,0.5551632046699524,0.0003
100.0,1097,1605632,196,1462,-10368.881509560002,-0.8288528095930815,185270.7623046875,0.2,1950,0.0027058357,-0.0008326379487698432,0.02960205078125,35661.17578125,0.0,0.553672194480896,0.0003
100.0,1097,1613824,197,1470,-10310.498442330001,-0.8259252244606614,157841.38173828126,0.2,1960,0.0020778007,-0.00045962951953697483,0.0130859375,28159.73046875,0.0,0.5517700910568237,0.0003
100.0,1097,1622016,198,1477,-10173.02905381,-0.825861570239067,154841.15659179687,0.2,1970,0.002294771,-0.0005399856687290594,0.01639404296875,28591.037109375,0.0,0.5531529784202576,0.0003
100.0,1097,1630208,199,1485,-10165.765796120002,-0.8293953694403171,140302.43894042968,0.2,1980,0.002291127,-0.0008960149578342679,0.0162109375,25984.30859375,5.960464477539063e-08,0.5553262233734131,0.0003
100.0,1097,1638400,200,1492,-10373.03210826,-0.8314985064789653,141639.85737304686,0.2,1990,0.0033349157,-0.0011671458440105198,0.0192138671875,26415.8515625,0.0,0.5568998456001282,0.0003
100.0,1097,1646592,201,1499,-10259.01844511,-0.8325155805796385,156666.46840820313,0.2,2000,0.0018787542,-0.0009474794303969247,0.02508544921875,28346.734375,0.0,0.5560774207115173,0.0003
100.0,1097,1654784,202,1507,-10108.28589247,-0.8328640447929502,140528.1255859375,0.2,2010,0.0029316617,-0.0011040512221370592,0.0211669921875,26133.837890625,0.0,0.5570698380470276,0.0003
100.0,1097,1662976,203,1514,-10018.93558052,-0.8275730105116963,130254.17175292969,0.2,2020,0.0019948666,-0.0008535642344213556,0.0165771484375,24350.564453125,0.0,0.5507218837738037,0.0003
100.0,1097,1671168,204,1522,-9996.129605799999,-0.8176476439461112,122313.47145996094,0.2,2030,0.0010453034,-0.00011157459703099448,0.007958984375,22719.626953125,0.0,0.546196699142456,0.0003
100.0,1097,1679360,205,1529,-10069.917545080001,-0.8122812693938612,119193.32565917968,0.2,2040,0.0013296404,1.094951221602969e-06,0.0166015625,22784.966796875,0.0,0.5448925495147705,0.0003
100.0,1097,1687552,206,1537,-10063.90987802,-0.8104582374915481,124302.65451660156,0.2,2050,0.002602652,0.00017359261328238064,0.01409912109375,22747.259765625,0.0,0.5423631072044373,0.0003
100.0,1097,1695744,207,1544,-10109.15590923,-0.8039855437353254,122171.00373535157,0.2,2060,0.002612669,-0.0004893178993370384,0.01854248046875,22117.55859375,5.960464477539063e-08,0.5402119755744934,0.0003
100.0,1097,1703936,208,1551,-10206.86987646,-0.8018180392682552,123131.182421875,0.2,2070,0.0016443648,-0.00021588529452856164,0.01527099609375,21859.591796875,0.0,0.5385401248931885,0.0003
100.0,1098,1712128,209,1559,-10218.77079167,-0.8017025534063578,128604.35883789063,0.2,2080,0.0017549482,-0.0007074426757753827,0.0191650390625,23662.888671875,0.0,0.5402195453643799,0.0003
100.0,1098,1720320,210,1566,-10125.190166870001,-0.8011212460696697,126575.65993652344,0.2,2090,0.0034065428,-0.0005974258343485417,0.02470703125,23369.828125,0.0,0.5384304523468018,0.0003
100.0,1098,1728512,211,1574,-10199.08730863,-0.7969163307920099,117839.03786621094,0.2,2100,0.0028839044,-0.0005627198806905653,0.02132568359375,21376.04296875,0.0,0.535389244556427,0.0003
100.0,1098,1736704,212,1581,-10081.94671745,-0.7951391795650125,123372.09406738282,0.2,2110,0.0035375669,-0.0015667657578887883,0.03826904296875,22199.802734375,0.0,0.5368807911872864,0.0003
100.0,1098,1744896,213,1589,-10026.73496301,-0.7934527168050408,111110.25109863281,0.2,2120,0.0023266715,-0.0009028213115016114,0.01910400390625,18968.568359375,1.1920928955078125e-07,0.5338408946990967,0.0003
100.0,1098,1753088,214,1596,-9994.28428258,-0.780468069203198,107189.48767089844,0.2,2130,0.002801567,-0.0007954250933835283,0.0189697265625,20340.80859375,5.960464477539063e-08,0.5231758952140808,0.0003
100.0,1098,1761280,215,1603,-9970.99178981,-0.7696667093783617,103794.15322265626,0.2,2140,0.0023098784,-0.00011221901950193569,0.016455078125,18199.5703125,0.0,0.5215395092964172,0.0003
100.0,1098,1769472,216,1611,-9949.483105360001,-0.7573499742895364,101091.76875,0.2,2150,0.002711054,-0.0004298861502320506,0.0174072265625,17591.837890625,1.7881393432617188e-07,0.5115310549736023,0.0003
100.0,1098,1777664,217,1618,-9960.52121325,-0.733920674957335,98113.4244140625,0.2,2160,0.003504445,-0.0018480678689229535,0.0293701171875,17789.099609375,1.7881393432617188e-07,0.4970138967037201,0.0003
100.0,1098,1785856,218,1626,-10026.23042077,-0.711548100784421,97407.27038574219,0.2,2170,0.0024818396,-0.0007196762824605684,0.0209716796875,17013.0703125,0.0,0.4890425503253937,0.0003
100.0,1098,1794048,219,1633,-10039.381923640001,-0.696952985972166,99999.95476074218,0.2,2180,0.0021910232,0.00037719242354796736,0.01527099609375,18367.404296875,0.0,0.48253390192985535,0.0003
100.0,1098,1802240,220,1640,-9994.183737410001,-0.6823584727942944,98434.52392578125,0.2,2190,0.0024614981,-8.603606329415925e-05,0.02913818359375,17311.3203125,0.0,0.47537723183631897,0.0003
100.0,1098,1810432,221,1648,-9986.168153059998,-0.6743838708847761,94730.44467773437,0.2,2200,0.0028038176,-2.8408830985426903e-05,0.0208251953125,16744.423828125,0.0,0.47481048107147217,0.0003
100.0,1098,1818624,222,1655,-9980.182328439998,-0.6739919502288103,92726.88029785156,0.2,2210,0.002840947,-0.0005510760631295853,0.033154296875,16027.259765625,0.0,0.4748072028160095,0.0003
100.0,1098,1826816,223,1663,-10094.557417979999,-0.6639968506991863,90937.92922363282,0.2,2220,0.002020074,-6.946424400666729e-06,0.02645263671875,16517.7109375,0.0,0.4667356610298157,0.0003
100.0,1098,1835008,224,1670,-10138.658291529999,-0.6539171824231744,97996.72160644531,0.2,2230,0.002945682,-0.00036014655779581517,0.0202880859375,17724.416015625,0.0,0.46417468786239624,0.0003
100.0,1098,1843200,225,1678,-10125.044287379998,-0.6469797689467669,98388.40942382812,0.2,2240,0.0030929637,-7.305270264623687e-05,0.02650146484375,17261.23828125,1.1920928955078125e-07,0.46141818165779114,0.0003
100.0,1098,1851392,226,1685,-10164.18333912,-0.6367500497028231,95201.7751220703,0.2,2250,0.004841791,0.0009120329385041259,0.031787109375,17767.1640625,5.960464477539063e-08,0.45467889308929443,0.0003
100.0,1098,1859584,227,1692,-10173.24367396,-0.6323207128793001,96000.22177734374,0.2,2260,0.0040889825,0.00010598654480418191,0.02298583984375,17198.609375,0.0,0.4554954171180725,0.0003
100.0,1098,1867776,228,1700,-10218.92813263,-0.6322788301855325,94904.62937011718,0.2,2270,0.0033907557,0.00011013205476047005,0.020263671875,17234.283203125,0.0,0.4552534520626068,0.0003
100.0,1098,1875968,229,1707,-10330.3824885,-0.6305418698117137,96482.23962402344,0.2,2280,0.0043861736,-0.0007073944121657405,0.0270751953125,17658.208984375,0.0,0.45368441939353943,0.0003
100.0,1098,1884160,230,1715,-10526.740203459998,-0.6266106083989144,102382.92814941406,0.2,2290,0.003080117,0.00010784016631077975,0.0235595703125,18743.53515625,0.0,0.4521997272968292,0.0003
100.0,1098,1892352,231,1722,-10526.14801245,-0.6199223941192031,113722.93974609375,0.2,2300,0.0025062826,-0.00025719559998833575,0.03131103515625,19352.349609375,0.0,0.4478423595428467,0.0003
100.0,1098,1900544,232,1730,-10319.92953314,-0.6125867607071995,108671.84645996094,0.2,2310,0.0023215339,-0.0007840887876227498,0.03560791015625,19245.15625,0.0,0.44551289081573486,0.0003
100.0,1098,1908736,233,1738,-10255.31132426,-0.6028164533898235,94183.74809570312,0.2,2320,0.0026811068,-0.0003082599949266296,0.02764892578125,17965.083984375,0.0,0.43951359391212463,0.0003
100.0,1098,1916928,234,1745,-10158.34232459,-0.5862763801589608,89320.17421875,0.2,2330,0.0035905312,0.00014349455959745684,0.02972412109375,16189.6015625,0.0,0.4317018389701843,0.0003
100.0,1098,1925120,235,1753,-9988.89513312,-0.5732231544330716,83030.76479492188,0.2,2340,0.0025994387,0.00017812383302953094,0.0240966796875,15321.740234375,-1.1920928955078125e-07,0.42752861976623535,0.0003
100.0,1098,1933312,236,1760,-9915.73799792,-0.5716342858970165,71305.06580810547,0.2,2350,0.0037793664,-0.0003432395307754632,0.03558349609375,12081.5458984375,0.0,0.42970913648605347,0.0003
100.0,1098,1941504,237,1767,-10009.0739344,-0.5656936710700393,67466.38034667968,0.2,2360,0.0075639663,-0.00021023389890615363,0.05302734375,11467.029296875,0.0,0.42404282093048096,0.0003
100.0,1098,1949696,238,1775,-9913.95292446,-0.5548544354736805,73334.89588623047,0.2,2370,0.0034478114,-0.00025890475044434427,0.03548583984375,13977.615234375,-1.1920928955078125e-07,0.41957587003707886,0.0003
100.0,1098,1957888,239,1782,-9924.25745525,-0.549967209994793,64474.62860107422,0.2,2380,0.0029680575,-0.0009329717697255547,0.04525146484375,11460.4326171875,0.0,0.4194510579109192,0.0003
100.0,1098,1966080,240,1790,-9995.704674,-0.5416372168809176,66084.32360839844,0.2,2390,0.0035262508,2.3892237368272618e-05,0.038818359375,12478.9375,0.0,0.4133149981498718,0.0003
100.0,1098,1974272,241,1797,-9971.93218026,-0.5293106257915496,68201.33518066406,0.2,2400,0.004946433,0.0003551011184754316,0.04522705078125,12385.087890625,1.1920928955078125e-07,0.4081123471260071,0.0003
100.0,1098,1982464,242,1805,-10068.71838473,-0.5128115601837635,64971.40366210938,0.2,2410,0.0045697773,-6.570061595994048e-05,0.0421142578125,11013.0439453125,1.1920928955078125e-07,0.4016646146774292,0.0003
100.0,1098,1990656,243,1812,-9977.66027901,-0.49926053546369076,69690.61606445312,0.2,2420,0.0034010024,6.244754695217125e-05,0.03231201171875,12235.93359375,0.0,0.39557188749313354,0.0003
100.0,1098,1998848,244,1819,-9887.88721275,-0.47911703595891597,62374.667028808595,0.2,2430,0.0047337003,-0.001144587554881582,0.05128173828125,10958.837890625,1.7881393432617188e-07,0.38683533668518066,0.0003
100.0,1098,2007040,245,1827,-9865.72918238,-0.46990774823352693,58101.40804443359,0.2,2440,0.00329103,0.0001472327778174076,0.03765869140625,9553.7177734375,1.1920928955078125e-07,0.38777047395706177,0.0003
100.0,1098,2015232,246,1834,-9941.36678231,-0.46914838515222074,55271.21665039063,0.2,2450,0.0054704584,0.0011431290957261808,0.03951416015625,9905.9140625,0.0,0.38579583168029785,0.0003
100.0,1098,2023424,247,1842,-9964.48279166,-0.45960047356784345,58591.30362548828,0.2,2460,0.004574287,-0.0006103653468017001,0.0454833984375,11123.4599609375,-1.1920928955078125e-07,0.3809087872505188,0.0003
100.0,1098,2031616,248,1849,-10056.4457523,-0.45512091871351,58231.63583984375,0.2,2470,0.008293362,0.0009018908316647867,0.05751953125,10453.31640625,1.1920928955078125e-07,0.38132336735725403,0.0003
100.0,1098,2039808,249,1857,-9915.965198550002,-0.45674012703821065,61905.73516845703,0.2,2480,0.005331107,0.0010469871398527176,0.04320068359375,11171.73046875,1.1920928955078125e-07,0.3824324905872345,0.0003
100.0,1098,2048000,250,1864,-9914.94548408,-0.45535162864252926,51595.639331054685,0.2,2490,0.0027648597,0.0005155465412826743,0.03468017578125,8987.970703125,0.0,0.3806183338165283,0.0003
100.0,1098,2056192,251,1871,-9802.996674819997,-0.4461975867860019,52829.72723388672,0.2,2500,0.004964268,0.00041126018695649693,0.047314453125,9257.4052734375,0.0,0.37593382596969604,0.0003
100.0,1098,2064384,252,1879,-9740.2742933,-0.44155830359086395,46417.49458007813,0.2,2510,0.004043855,-0.00021938184181635734,0.04080810546875,8387.5263671875,0.0,0.3766224980354309,0.0003
100.0,1098,2072576,253,1886,-9738.437612169999,-0.438912009075284,43281.406726074216,0.2,2520,0.004196548,0.0011790945911343443,0.05025634765625,7421.19580078125,0.0,0.3741970360279083,0.0003
100.0,1098,2080768,254,1894,-9747.74324692,-0.4378596130758524,42613.482409667966,0.2,2530,0.0055017225,0.0002403930848231539,0.066015625,7412.1259765625,0.0,0.3752038776874542,0.0003
100.0,1098,2088960,255,1901,-9746.457754819998,-0.4248893816024065,42325.88666992188,0.2,2540,0.0047573033,0.0002472676802426577,0.04525146484375,7486.1650390625,0.0,0.3660758137702942,0.0003
100.0,1098,2097152,256,1908,-9784.98451157,-0.4022576094605029,41584.67154541016,0.2,2550,0.005236568,0.00019153680550516584,0.04761962890625,7546.04345703125,1.1920928955078125e-07,0.35888156294822693,0.0003
100.0,1098,2105344,257,1916,-9893.46704143,-0.3882515706121922,41276.01142578125,0.2,2560,0.0049446896,0.0004029319701658096,0.066943359375,6974.18505859375,1.1920928955078125e-07,0.3547697067260742,0.0003
100.0,1098,2113536,258,1923,-9849.85192867,-0.3853591181337833,45484.540209960935,0.2,2570,0.0054514,0.0008960290884715505,0.053125,7927.21875,1.1920928955078125e-07,0.356710284948349,0.0003
100.0,1098,2121728,259,1931,-9755.981517960001,-0.3870347511023283,40829.64855957031,0.2,2580,0.005450613,0.0006843446935818065,0.06534423828125,6659.43701171875,0.0,0.35585832595825195,0.0003
100.0,1098,2129920,260,1938,-9696.75376206,-0.3831938572227955,37424.95169067383,0.2,2590,0.0044748383,0.00018501304730307312,0.0583984375,6356.171875,0.0,0.3538830280303955,0.0003
100.0,1098,2138112,261,1946,-9765.90988019,-0.3753120806068182,35006.46275634765,0.2,2600,0.002804807,0.0007572285801870748,0.05826416015625,5825.3369140625,0.0,0.35153865814208984,0.0003
100.0,1098,2146304,262,1953,-9776.90066536,-0.3651239719241858,37082.33198852539,0.2,2610,0.0060315146,0.0012800312069884967,0.0814208984375,6183.7978515625,0.0,0.34680137038230896,0.0003
100.0,1098,2154496,263,1960,-9800.61134556,-0.36052671521902085,36645.59232788086,0.2,2620,0.0050510154,0.0003969095378124621,0.0617919921875,6055.1083984375,0.0,0.3474305272102356,0.0003
100.0,1098,2162688,264,1968,-9817.81635089,-0.3529389169067144,36536.86620483398,0.2,2630,0.0054365275,0.0015596271667163819,0.06707763671875,5859.7333984375,1.1920928955078125e-07,0.3415779769420624,0.0003
100.0,1098,2170880,265,1975,-9914.22352691,-0.3391130570322275,35961.38533325195,0.2,2640,0.0044611376,0.0013904787672800011,0.0492431640625,6235.04736328125,-1.1920928955078125e-07,0.3389352262020111,0.0003
100.0,1098,2179072,266,1983,-10035.98925694,-0.33322677090764047,38333.76268920898,0.2,2650,0.006337841,0.0015955571492668242,0.07545166015625,6485.78125,-1.1920928955078125e-07,0.3362337648868561,0.0003
100.0,1098,2187264,267,1990,-10171.70643085,-0.3219781320542097,42122.753479003906,0.2,2660,0.008087311,0.0018999457366589922,0.06658935546875,7378.2216796875,0.0,0.33230820298194885,0.0003
100.0,1098,2195456,268,1998,-10393.44161649,-0.31668995432555674,47362.62021484375,0.2,2670,0.010199445,0.0014645227587607224,0.0616943359375,8447.9951171875,0.0,0.33192577958106995,0.0003
100.0,1098,2203648,269,2006,-10713.204492919998,-0.3163152035325766,56591.2326171875,0.2,2680,0.006096085,0.002189634888782166,0.0926513671875,9651.080078125,-1.1920928955078125e-07,0.3322867155075073,0.0003
100.0,1097,2211840,270,2014,-10896.86927906,-0.3198805470019579,72698.94522705078,0.2,2690,0.007448778,-2.047933958237991e-06,0.08250732421875,14497.1513671875,0.0,0.33416128158569336,0.0003
100.0,1097,2220032,271,2022,-11056.99167101,-0.32776945680379865,82527.80029296875,0.2,2700,0.004604662,0.0011774272497859783,0.07471923828125,13760.97265625,0.0,0.33725690841674805,0.0003
100.0,1097,2228224,272,2030,-10791.54995187,-0.33191708736121656,87763.33569335938,0.2,2710,0.006233919,-0.0002505409236619016,0.0661865234375,15430.3818359375,0.0,0.3378019630908966,0.0003
100.0,1097,2236416,273,2038,-10541.9605791,-0.33012102767825124,68905.93770751954,0.2,2720,0.004812585,0.001660058520064922,0.06893310546875,12738.1240234375,0.0,0.33550095558166504,0.0003
100.0,1096,2244608,274,2046,-10295.403528980001,-0.3183970518410206,56007.807934570315,0.2,2730,0.008648241,0.0018909017569967545,0.11328125,10268.3720703125,5.960464477539063e-08,0.33098405599594116,0.0003
100.0,1096,2252800,275,2054,-10476.153978010001,-0.3156314540654421,42486.156420898435,0.2,2740,0.005806254,0.002112452416258748,0.0697998046875,7118.31689453125,0.0,0.33116233348846436,0.0003
100.0,1096,2260992,276,2062,-10271.30371575,-0.3106817539781332,53036.547814941405,0.2,2750,0.0076083215,0.0021683378879970407,0.07303466796875,9668.2490234375,0.0,0.329195499420166,0.0003
100.0,1096,2269184,277,2070,-10198.200001979998,-0.30580804236233233,38865.73295288086,0.2,2760,0.0049128486,0.0014600019792851526,0.05897216796875,6751.7177734375,0.0,0.3275495767593384,0.0003
100.0,1095,2277376,278,2077,-10335.479619490001,-0.29806931838393214,37324.28454589844,0.2,2770,0.007065202,0.0015311429524444975,0.0757080078125,5888.96435546875,0.0,0.3249260187149048,0.0003
100.0,1095,2285568,279,2085,-10668.227317609999,-0.29329740144312383,42991.177185058594,0.2,2780,0.008259759,0.003831208522024099,0.08323974609375,7245.18017578125,0.0,0.3241548538208008,0.0003
100.0,1095,2293760,280,2093,-10559.60841522,-0.2898814294487238,57820.38078613281,0.2,2790,0.0042977417,0.000945352219423512,0.071826171875,11643.0458984375,0.0,0.3227936029434204,0.0003
100.0,1095,2301952,281,2101,-10690.93676895,-0.28044697642326355,47133.941674804686,0.2,2800,0.007692499,0.001746042428567307,0.0740234375,8318.931640625,5.960464477539063e-08,0.31831395626068115,0.0003
100.0,1095,2310144,282,2109,-10694.028677799999,-0.2696390446275473,56014.06529541015,0.2,2810,0.004712046,0.0015989767714927438,0.08701171875,9181.9052734375,0.0,0.3151151239871979,0.0003
100.0,1094,2318336,283,2117,-10483.331147820001,-0.26015611700713637,51525.262268066406,0.2,2820,0.005857556,0.0025070259151107168,0.08089599609375,8577.3857421875,0.0,0.3127964735031128,0.0003
100.0,1094,2326528,284,2125,-10675.650868140001,-0.25101729221642016,40754.37556152344,0.2,2830,0.004895417,0.002642777792789275,0.077685546875,7412.865234375,0.0,0.3101578652858734,0.0003
100.0,1094,2334720,285,2133,-10548.67655315,-0.2494404312223196,52377.94028320313,0.2,2840,0.0052200556,0.0023311135431868025,0.0865966796875,9175.9775390625,0.0,0.3109668493270874,0.0003
100.0,1094,2342912,286,2141,-10940.846154199999,-0.24351547993719577,40573.38764648438,0.2,2850,0.007724818,0.0017611447532544845,0.07469482421875,7249.59814453125,5.960464477539063e-08,0.30699336528778076,0.0003
100.0,1094,2351104,287,2149,-11391.196661379998,-0.2372590396553278,66573.43868408204,0.2,2860,0.007837232,0.00022401627356885,0.08017578125,12051.2353515625,-1.1920928955078125e-07,0.3064483404159546,0.0003
100.0,1093,2359296,288,2156,-11397.809111609999,-0.23715928383171558,91903.36752929687,0.2,2870,0.014210634,0.0037529736327996943,0.11492919921875,18529.90234375,0.0,0.30726850032806396,0.0003
100.0,1093,2367488,289,2164,-11218.333541049999,-0.24215260706841946,90402.32580566406,0.2,2880,0.006383233,0.0027272300656477457,0.0941162109375,17225.8359375,0.0,0.30898088216781616,0.0003
100.0,1093,2375680,290,2172,-11258.53663768,-0.23996230848133565,73198.07076416016,0.2,2890,0.006267692,0.002621310742688365,0.08367919921875,13979.7822265625,0.0,0.3063441216945648,0.0003
100.0,1093,2383872,291,2180,-10991.22095282,-0.23641147948801516,79520.21646728515,0.2,2900,0.011922564,0.003116944880457595,0.0989501953125,15430.3662109375,0.0,0.30644690990448,0.0003
100.0,1092,2392064,292,2188,-10893.892555410002,-0.2438658755272627,56424.45356445313,0.2,2910,0.008653204,0.0026084175588039216,0.10230712890625,8622.4130859375,0.0,0.3109583556652069,0.0003
100.0,1092,2400256,293,2196,-10925.33983498,-0.25222737416625024,53659.95499267578,0.2,2920,0.0042311144,0.0015641622747352812,0.07806396484375,11222.4345703125,-1.1920928955078125e-07,0.310965895652771,0.0003
100.0,1092,2408448,294,2204,-10684.442945989998,-0.2564911972731352,58713.72006835938,0.2,2930,0.006316264,0.001374913584004389,0.10076904296875,9541.2255859375,-1.1920928955078125e-07,0.31440022587776184,0.0003
100.0,1092,2416640,295,2212,-10666.31502565,-0.2585786983370781,40555.976245117185,0.2,2940,0.009041127,0.0016905416989175138,0.08424072265625,7021.546875,1.1920928955078125e-07,0.3126388490200043,0.0003
100.0,1092,2424832,296,2220,-10448.77673708,-0.24960428886115552,39632.738372802734,0.2,2950,0.010682582,0.0019532337624696082,0.07747802734375,7083.91943359375,0.0,0.30852407217025757,0.0003
100.0,1091,2433024,297,2228,-10324.023886910001,-0.23366183899343013,29930.372100830078,0.2,2960,0.008276641,0.0026716647640569135,0.10079345703125,5244.70263671875,-1.1920928955078125e-07,0.30339351296424866,0.0003
100.0,1091,2441216,298,2236,-10527.760906970001,-0.22463101744651795,25040.778131103514,0.2,2970,0.010304658,0.0006474125628301408,0.08184814453125,4385.77392578125,0.0,0.3022903501987457,0.0003
100.0,1091,2449408,299,2244,-10383.12181513,-0.22355891652405263,33248.45125732422,0.2,2980,0.006589761,0.0020215625649143477,0.0978759765625,6311.99560546875,0.0,0.3024393320083618,0.0003
100.0,1091,2457600,300,2251,-11011.55789644,-0.22458605729043485,23660.027044677736,0.2,2990,0.006209829,0.0009295600601035403,0.06529541015625,3991.663818359375,0.0,0.3031044602394104,0.0003
100.0,1091,2465792,301,2259,-10676.483034620001,-0.2266180392354727,66809.7858642578,0.2,3000,0.007873584,0.0026741185669379775,0.09959716796875,11103.6904296875,0.0,0.3033580482006073,0.0003
100.0,1090,2473984,302,2267,-10778.9912186,-0.22636549957096577,34006.52337036133,0.2,3010,0.005197198,0.0020162784527201437,0.07064208984375,6291.44970703125,-1.1920928955078125e-07,0.3039771616458893,0.0003
100.0,1090,2482176,303,2275,-10525.19336255,-0.23193597458302975,41183.04772338867,0.2,3020,0.008076148,0.003997896303917514,0.11328125,8532.3076171875,0.0,0.30551010370254517,0.0003
100.0,1090,2490368,304,2283,-10647.627688120001,-0.23234534300863743,30028.156500244142,0.2,3030,0.009836139,0.0025690526003018022,0.101416015625,5912.75341796875,0.0,0.3039427101612091,0.0003
100.0,1090,2498560,305,2291,-10893.94046536,-0.2249192178249359,35270.07313842773,0.2,3040,0.008899413,0.005052618341142079,0.12864990234375,5922.455078125,0.0,0.30255573987960815,0.0003
100.0,1090,2506752,306,2299,-10462.97945455,-0.22381937950849534,46086.2457397461,0.2,3050,0.010847532,0.0024819504164042883,0.09775390625,7330.28564453125,0.0,0.30262264609336853,0.0003
100.0,1089,2514944,307,2307,-10184.786191,-0.21624253913760186,21564.777264404296,0.2,3060,0.007450523,0.0026017424468591345,0.09744873046875,3817.066162109375,5.960464477539063e-08,0.29934608936309814,0.0003
100.0,1089,2523136,308,2315,-10317.478705770001,-0.20790761709213257,15487.718792724609,0.2,3070,0.0054382794,0.00444808469619602,0.10003662109375,2245.253662109375,0.0,0.2975993752479553,0.0003
100.0,1089,2531328,309,2323,-10234.51779105,-0.20275657512247564,20877.342388916015,0.2,3080,0.0058263536,0.003632807353278622,0.1025634765625,3207.264892578125,0.0,0.29422423243522644,0.0003
100.0,1089,2539520,310,2331,-10213.84125335,-0.18763701654970646,17672.941317749024,0.2,3090,0.00508559,0.004405897924880264,0.11307373046875,2742.544677734375,0.0,0.29048454761505127,0.0003
100.0,1089,2547712,311,2339,-10111.685996689997,-0.17549241855740547,15573.421755981446,0.2,3100,0.010257201,0.0018068627083266619,0.09051513671875,2460.499267578125,0.0,0.28688329458236694,0.0003
100.0,1089,2555904,312,2346,-10441.178232049999,-0.1669791392982006,12593.925827026367,0.2,3110,0.0080330735,0.006117824033572106,0.12164306640625,2260.849365234375,1.7881393432617188e-07,0.2855915129184723,0.0003
100.0,1089,2564096,313,2354,-10844.36919111,-0.16769313290715218,37124.237139892575,0.2,3120,0.008603646,0.004058930383689585,0.13211669921875,4531.193359375,-2.384185791015625e-07,0.28622373938560486,0.0003
100.0,1089,2572288,314,2361,-12075.783732480002,-0.16929561384022235,58735.618408203125,0.2,3130,0.011160723,0.0049826054128061514,0.12540283203125,10093.0439453125,-1.1920928955078125e-07,0.28661632537841797,0.0003
100.0,1088,2580480,315,2369,-10902.64010544,-0.17171054817736148,304329.89938964846,0.2,3140,0.0041529224,0.0019032144140510355,0.0552001953125,61766.89453125,-1.1920928955078125e-07,0.2883185148239136,0.0003
100.0,1088,2588672,316,2377,-10976.78680956,-0.18004491180181503,34871.11934204101,0.2,3150,0.009272909,0.0034686893224716185,0.1116943359375,5180.20556640625,1.1920928955078125e-07,0.29105228185653687,0.0003
100.0,1088,2596864,317,2385,-11800.43195909,-0.19106746464967728,80895.83003540039,0.2,3160,0.0043599247,0.0034104718892194797,0.09483642578125,13875.9892578125,-1.1920928955078125e-07,0.29516661167144775,0.0003
100.0,1088,2605056,318,2393,-11111.367185720002,-0.20001896880567074,188769.616015625,0.2,3170,0.004148485,3.23771768307779e-05,0.07442626953125,31145.63671875,-1.1920928955078125e-07,0.2960178852081299,0.0003
100.0,1088,2613248,319,2401,-10670.874210660002,-0.20090701356530188,41384.68903808594,0.2,3180,0.0056249374,0.003568919943791116,0.10340576171875,6860.693359375,0.0,0.2960001826286316,0.0003
100.0,1088,2621440,320,2409,-10753.470209619998,-0.20137734115123748,25739.88921508789,0.2,3190,0.00722255,0.003927093466336374,0.10596923828125,3927.203857421875,0.0,0.2956068813800812,0.0003
100.0,1087,2629632,321,2417,-10525.531689229998,-0.19423139542341233,23192.46369018555,0.2,3200,0.0048041996,0.0018554892067186302,0.0849609375,4064.0224609375,0.0,0.29246091842651367,0.0003
100.0,1087,2637824,322,2425,-10467.1942606,-0.1921973042190075,18146.577853393555,0.2,3210,0.015182414,0.003815196594587178,0.09635009765625,2786.4287109375,0.0,0.2936650216579437,0.0003
100.0,1087,2646016,323,2433,-10716.28392761,-0.19194910079240798,17357.62412109375,0.2,3220,0.007257794,0.00299996618705336,0.09228515625,2628.02978515625,5.960464477539063e-08,0.29357221722602844,0.0003
100.0,1087,2654208,324,2441,-10924.73945955,-0.19625143520534039,41009.241397094724,0.2,3230,0.006973794,0.0023835363335820148,0.1058349609375,10327.6640625,-1.1920928955078125e-07,0.2949705421924591,0.0003
100.0,1087,2662400,325,2448,-10602.33436512,-0.1978364773094654,114999.34092407227,0.2,3240,0.022074876,0.010268587381506222,0.1726806640625,4557.07763671875,-1.1920928955078125e-07,0.29510000348091125,0.0003
100.0,1086,2670592,326,2456,-9988.44178908,-0.20191686898469924,15007.021380615235,0.2,3250,0.021347838,0.0023794304579496384,0.14080810546875,2820.249267578125,0.0,0.297290563583374,0.0003
100.0,1086,2678784,327,2464,-10083.11492252,-0.20289601795375348,5135.652661132813,0.2,3260,0.012803052,0.007970750358072109,0.1438720703125,936.0235595703125,5.960464477539063e-08,0.2938533127307892,0.0003
100.0,1086,2686976,328,2472,-11087.494165249998,-0.19526942111551762,7380.4639297485355,0.2,3270,0.009873601,0.003404047498770524,0.08673095703125,1285.8912353515625,-1.1920928955078125e-07,0.2945367097854614,0.0003
100.0,1086,2695168,329,2480,-10914.87850428,-0.20024814158678056,136020.5415649414,0.2,3280,0.01991231,0.0008857854074449279,0.09429931640625,14262.1162109375,0.0,0.2964938282966614,0.0003
100.0,1086,2703360,330,2488,-10269.08674648,-0.20149183906614782,33924.124996948245,0.2,3290,0.006662762,0.002725670058862306,0.09554443359375,7611.1806640625,0.0,0.2951093018054962,0.0003
100.0,1086,2711552,331,2496,-9887.893232850001,-0.1938345268368721,5982.790115356445,0.2,3300,0.0150166415,0.004851032981241588,0.12520751953125,881.5479125976562,0.0,0.2938126027584076,0.0003
100.0,1085,2719744,332,2505,-11463.08896753,-0.20535498149693013,3989.362023925781,0.2,3310,133.31839,0.09877874633166357,0.4483642578125,791.994140625,0.0,0.30175912380218506,0.0003
100.0,1085,2727936,333,2513,-11745.048327290004,-0.22063696198165417,40299.33930053711,0.2,3320,0.005384902,-0.002716259746011929,0.06688232421875,5925.4208984375,-2.5683653354644775,0.3016893267631531,0.0003
100.0,1085,2736128,334,2520,-11720.933199600002,-0.22145525254309179,33550.23377685547,0.2,3330,0.005667834,-0.0010841709565283964,0.068505859375,4872.513671875,-0.0005849599838256836,0.30239444971084595,0.0003
100.0,1085,2744320,335,2528,-11539.022329530002,-0.22147585749626159,32821.31743164062,0.2,3340,0.008227043,-0.003555040838182322,0.07999267578125,5519.0126953125,-1.990795135498047e-05,0.3015809655189514,0.0003
100.0,1085,2752512,336,2535,-11502.735683079998,-0.22052269876003266,25823.85203857422,0.2,3350,0.006468647,-0.0005079382339317817,0.06033935546875,4300.36767578125,-7.271766662597656e-06,0.3019242286682129,0.0003
100.0,1085,2760704,337,2543,-11399.030056070002,-0.21983627900481223,24563.514361572266,0.2,3360,0.0084955925,-0.0030482447742542717,0.10076904296875,4471.83984375,-7.271766662597656e-06,0.30100008845329285,0.0003
100.0,1085,2768896,338,2550,-11398.86327022,-0.21618509031832217,20022.97541809082,0.2,3370,0.011838595,0.0006752410634362604,0.08909912109375,3627.890869140625,-1.7881393432617188e-06,0.3001168370246887,0.0003
100.0,1085,2777088,339,2557,-11323.171875449998,-0.21365574039518834,20076.636953735353,0.2,3380,0.009621055,-0.00038544552080566064,0.114501953125,2943.066650390625,-2.7418136596679688e-06,0.299235999584198,0.0003
100.0,1085,2785280,340,2565,-11272.128520590002,-0.22598852962255478,17080.457708740236,0.2,3390,0.009987641,-0.0039477217702369675,0.1070556640625,2893.51806640625,-1.1920928955078125e-07,0.30756813287734985,0.0003
100.0,1085,2793472,341,2572,-11263.641721730004,-0.23510393388569356,15630.103067016602,0.2,3400,0.013036624,0.0006728785443556262,0.09739990234375,2707.751708984375,-8.344650268554688e-07,0.30470597743988037,0.0003
100.0,1085,2801664,342,2580,-11260.797897139999,-0.23195134662091732,15309.357678222656,0.2,3410,0.012285882,0.0002021982436417602,0.1110107421875,2812.267578125,4.76837158203125e-07,0.3062819242477417,0.0003
100.0,1085,2809856,343,2587,-11243.646516869998,-0.23725731931626798,14683.495547485352,0.2,3420,0.010379824,-0.0022813314673840067,0.134619140625,2164.375244140625,-7.152557373046875e-07,0.30774086713790894,0.0003
100.0,1085,2818048,344,2595,-11241.29340206,-0.2484441190958023,14154.862918090821,0.2,3430,0.0070244195,-0.0006910745323693845,0.119140625,2287.438720703125,4.76837158203125e-07,0.3123851716518402,0.0003
100.0,1085,2826240,345,2602,-11183.78543829,-0.2510925866663456,14133.654580688477,0.2,3440,0.011392454,0.0002505241413018666,0.10345458984375,2477.177978515625,-7.152557373046875e-07,0.30984342098236084,0.0003
100.0,1086,2834432,346,2609,-11039.434822349995,-0.2433820478618145,12354.484371948241,0.2,3450,0.0142912,0.0006156039387860801,0.11849365234375,2183.414306640625,7.152557373046875e-07,0.3084143102169037,0.0003
100.0,1086,2842624,347,2617,-10933.91428237,-0.2341483898460865,9765.868673706054,0.2,3460,0.014890285,0.0035295775174745358,0.124560546875,1411.7784423828125,5.960464477539062e-07,0.30395862460136414,0.0003
100.0,1086,2850816,348,2624,-10868.882527349999,-0.22040306814014912,8013.406387329102,0.2,3470,0.013252372,0.005203600800450658,0.15003662109375,1333.4296875,4.172325134277344e-07,0.29980164766311646,0.0003
100.0,1086,2859008,349,2632,-10859.684662459998,-0.2031530037522316,7587.000967407226,0.2,3480,0.020712983,0.0055438863884774035,0.15899658203125,1154.2373046875,7.152557373046875e-07,0.29518821835517883,0.0003
100.0,1086,2867200,350,2639,-10804.113204700001,-0.1907222170382738,6990.95185546875,0.2,3490,0.023686223,0.00413931524308282,0.14779052734375,1155.9515380859375,4.76837158203125e-07,0.2918710708618164,0.0003
100.0,1086,2875392,351,2647,-10754.181673840001,-0.18815815187990664,6257.581457519531,0.2,3500,0.013692334,0.00689008449044195,0.1650146484375,1097.202392578125,1.3113021850585938e-06,0.29218846559524536,0.0003
100.0,1086,2883584,352,2654,-10700.658551380002,-0.18366302140057086,5660.23770904541,0.2,3510,0.028866377,0.006565729901922168,0.1924560546875,1088.6578369140625,6.556510925292969e-07,0.2896374464035034,0.0003
100.0,1086,2891776,353,2661,-53018.05764654,-0.17961121536791325,5758.775387573242,0.2,3520,18.005491,0.03075717009123764,0.26888427734375,1031.626220703125,1.6093254089355469e-06,0.2927822172641754,0.0003
100.0,1086,2899968,354,2669,-60326.66388837999,-0.19472251050174236,32827381.0375,0.2,3530,0.06528885,0.09107762943312991,0.44666748046875,5350070.5,-0.2518712282180786,0.29404163360595703,0.0003
100.0,1086,2908160,355,2676,-58523.189758180015,-0.19492175206542015,32031835.675,0.2,3540,0.0019846444,-0.0011153738196298946,0.01016845703125,6501920.5,0.03421097993850708,0.2940583825111389,0.0003
100.0,1086,2916352,356,2684,-58051.321207479996,-0.19501213803887368,32039028.88125,0.2,3550,0.002115867,-0.0014048280070710461,0.01297607421875,6455100.0,4.76837158203125e-07,0.29409533739089966,0.0003
100.0,1086,2924544,357,2691,-56256.85679488999,-0.19518929794430734,31720638.53125,0.2,3560,0.0032341182,-0.0015935348834318574,0.01253662109375,6775716.5,1.7881393432617188e-07,0.29415491223335266,0.0003
100.0,1086,2932736,358,2699,-54581.57373117,-0.1953897450119257,29069633.63125,0.2,3570,0.0027748244,-0.001513016412354773,0.01451416015625,5861489.0,1.7881393432617188e-07,0.29421761631965637,0.0003
100.0,1086,2940928,359,2706,-54412.57446874998,-0.19541650526225568,26929217.26875,0.2,3580,0.0010051936,-0.0009092661599424901,0.00328369140625,5305265.5,0.0,0.29417040944099426,0.0003
100.0,1086,2949120,360,2713,-53233.4874052,-0.19523360580205917,27413331.525,0.2,3590,0.0024522205,-0.001320636985838064,0.01402587890625,4812443.0,0.0,0.2940947711467743,0.0003
100.0,1086,2957312,361,2721,-51500.329956940004,-0.19499591812491418,25175472.7,0.2,3600,0.0029389812,-0.0014164862652251032,0.0158447265625,5013675.5,0.0,0.29404327273368835,0.0003
100.0,1086,2965504,362,2728,-51373.019931810006,-0.19502288922667504,23429080.75,0.2,3610,0.0024148836,-0.0024936542413342977,0.018798828125,4360189.0,1.1920928955078125e-07,0.294139564037323,0.0003
100.0,1086,2973696,363,2736,-50913.169947800016,-0.1954418271780014,23081793.5625,0.2,3620,0.0012430805,-0.0011056554121751105,0.00699462890625,4657026.0,0.0,0.29427453875541687,0.0003
100.0,1086,2981888,364,2743,-50657.5186055,-0.19542079828679562,22474303.04375,0.2,3630,0.0018652254,-0.0005594510872469982,0.00428466796875,4083083.0,1.1920928955078125e-07,0.2940945625305176,0.0003
100.0,1086,2990080,365,2751,-50743.20751351002,-0.19517720751464368,22658840.7875,0.2,3640,0.002580959,-0.0023613030993146823,0.0220458984375,4414906.0,1.1920928955078125e-07,0.29415854811668396,0.0003
100.0,1086,2998272,366,2758,-50261.71089516,-0.19547368325293063,22485272.03125,0.2,3650,0.0022422918,-0.0017919205165526364,0.014208984375,4364767.5,0.0,0.29426202178001404,0.0003
100.0,1086,3006464,367,2766,-49902.88442088001,-0.19572515562176704,21619761.15625,0.2,3660,0.0027191532,-0.0014329164572700393,0.015087890625,5402360.0,0.0,0.2943022847175598,0.0003
100.0,1086,3014656,368,2773,-49950.56367702001,-0.19610230326652528,21639806.675,0.2,3670,0.0024319338,-0.001851440779864788,0.01585693359375,4247578.5,0.0,0.2945394814014435,0.0003
100.0,1087,3022848,369,2780,-48767.72412059,-0.1966981090605259,21796589.7375,0.2,3680,0.0021951993,-0.0008015307801542803,0.011279296875,4254170.5,0.0,0.29457905888557434,0.0003
100.0,1087,3031040,370,2788,-49656.528324620005,-0.1975768033415079,20226702.290625,0.2,3690,0.0025590474,-0.001792764457059093,0.0166015625,3728903.5,0.0,0.2950952649116516,0.0003
100.0,1087,3039232,371,2795,-50177.36361244001,-0.19987688437104226,21457047.665625,0.2,3700,0.0023188232,-0.0010191026121901814,0.01328125,4081614.0,0.0,0.2959553897380829,0.0003
100.0,1087,3047424,372,2803,-51965.87123611,-0.2017001945525408,21778794.146875,0.2,3710,0.0019442198,-0.00048360184373450463,0.0117431640625,3937959.0,0.0,0.29604780673980713,0.0003
100.0,1087,3055616,373,2810,-50703.66833044,-0.20253369323909282,24692430.4,0.2,3720,0.0036939222,-0.003560233477764996,0.03621826171875,4790384.5,0.0,0.2965922951698303,0.0003
100.0,1087,3063808,374,2818,-49117.738602109996,-0.20404165536165236,21729707.35625,0.2,3730,0.0023426479,-0.001705531337938737,0.02197265625,4612421.0,0.0,0.296877384185791,0.0003
100.0,1087,3072000,375,2825,-48255.58099950999,-0.20379726812243462,19900531.83125,0.2,3740,0.0017360388,-0.0008755344628298189,0.01298828125,3952965.0,0.0,0.29647013545036316,0.0003
100.0,1087,3080192,376,2832,-47790.85044472,-0.20452994145452977,18850772.39375,0.2,3750,0.002540618,-0.0011971967560384655,0.02423095703125,3257844.5,0.0,0.29729580879211426,0.0003
100.0,1087,3088384,377,2840,-46450.80632255999,-0.20589398629963399,18576304.28125,0.2,3760,0.001881618,-0.0005948161138803698,0.014453125,3903661.5,-1.1920928955078125e-07,0.2972026765346527,0.0003
100.0,1087,3096576,378,2847,-47085.52657757999,-0.20621031224727632,17091155.478125,0.2,3770,0.0032488527,-0.0020960937501513397,0.02415771484375,3797900.0,0.0,0.2975704073905945,0.0003
100.0,1087,3104768,379,2855,-46367.08321483999,-0.20685757659375667,17906421.85625,0.2,3780,0.002318812,-0.0007591606779897119,0.0224609375,2989400.75,5.960464477539063e-08,0.29756617546081543,0.0003
100.0,1087,3112960,380,2862,-45734.03418134,-0.20734942965209485,17135580.20625,0.2,3790,0.0026780472,-0.000841393429436721,0.02353515625,3680950.25,0.0,0.29796984791755676,0.0003
100.0,1087,3121152,381,2870,-45301.92364669,-0.20893325619399547,16451295.8,0.2,3800,0.0025062468,-0.001261273601994617,0.02503662109375,2937798.75,0.0,0.2984158992767334,0.0003
100.0,1087,3129344,382,2877,-44661.97897942001,-0.21041518338024617,16010427.009375,0.2,3810,0.0029422361,-0.0016445635854324791,0.0253173828125,3510812.0,0.0,0.29892340302467346,0.0003
100.0,1087,3137536,383,2885,-43515.34334667001,-0.21108802296221257,15264431.1875,0.2,3820,0.0029478143,-0.0012198941454698796,0.03289794921875,3550536.75,-1.1920928955078125e-07,0.29866209626197815,0.0003
100.0,1087,3145728,384,2892,-42850.45063065,-0.21055934019386768,14221230.803125,0.2,3830,0.002970037,-0.0009099276088818442,0.0315185546875,2608873.75,0.0,0.2986716330051422,0.0003
100.0,1087,3153920,385,2900,-42489.41673636,-0.20902072601020336,13658318.309375,0.2,3840,0.0035760626,-0.0012082597084372537,0.03167724609375,2579241.75,0.0,0.29786384105682373,0.0003
100.0,1087,3162112,386,2907,-42263.726767349995,-0.20733642801642418,13593538.078125,0.2,3850,0.002686847,-0.0008813321743218694,0.02872314453125,2767056.5,0.0,0.29746708273887634,0.0003
100.0,1087,3170304,387,2914,-42512.992559620005,-0.20623548924922944,13230634.85,0.2,3860,0.0025328237,2.8303162252996117e-05,0.01417236328125,2904209.75,0.0,0.29730796813964844,0.0003
100.0,1087,3178496,388,2922,-41951.98543143,-0.20554407574236394,13454364.95625,0.2,3870,0.00288379,-0.000924473565100925,0.02706298828125,2215345.25,0.0,0.29704904556274414,0.0003
100.0,1087,3186688,389,2930,-40618.8660286,-0.20507959835231304,12593257.221875,0.2,3880,0.002553705,-0.0007810114981111838,0.0290771484375,2533619.25,-1.1920928955078125e-07,0.297110378742218,0.0003
100.0,1087,3194880,390,2937,-39994.13454844,-0.20576186589896678,11573641.984375,0.2,3890,0.0035798596,-0.0015187926692306064,0.03582763671875,2191169.0,0.0,0.2973078489303589,0.0003
100.0,1087,3203072,391,2945,-39424.24098372,-0.2043586779385805,11103751.84375,0.2,3900,0.0033823033,-5.9585629787761715e-05,0.028759765625,1986004.25,0.0,0.2963849902153015,0.0003
100.0,1087,3211264,392,2952,-38237.793158910004,-0.2014344472438097,10605698.65,0.2,3910,0.003337937,-0.002095557998109143,0.03560791015625,2072221.625,0.0,0.2957896888256073,0.0003
100.0,1087,3219456,393,2959,-37026.38663675,-0.19978506974875926,9686270.5078125,0.2,3920,0.004147471,-0.0013078195617708844,0.036474609375,1461127.25,0.0,0.29527461528778076,0.0003
100.0,1087,3227648,394,2967,-37534.90685177,-0.20038702189922333,8876627.678125,0.2,3930,0.0023565453,-0.0004726593291707104,0.0289794921875,1740419.75,0.0,0.2959810495376587,0.0003
100.0,1087,3235840,395,2974,-37255.250896310004,-0.19924518056213855,9533126.6609375,0.2,3940,0.003541445,-0.0008371693678782321,0.0370849609375,1644064.0,0.0,0.2946074903011322,0.0003
100.0,1087,3244032,396,2982,-37342.81513662,-0.19675445035099984,8971041.84375,0.2,3950,0.0030786977,-0.0010541048850427615,0.043017578125,1590693.875,5.960464477539063e-08,0.29466140270233154,0.0003
100.0,1087,3252224,397,2989,-36846.7179082,-0.1979441236704588,9096641.246875,0.2,3960,0.0033377334,-0.0019704071128217038,0.040869140625,1787985.75,0.0,0.29524680972099304,0.0003
100.0,1087,3260416,398,2997,-35970.7701316,-0.1998668059706688,8747794.1984375,0.2,3970,0.0037548486,-0.0015815026919881348,0.040576171875,1830621.625,0.0,0.2956473231315613,0.0003
100.0,1087,3268608,399,3005,-35629.665792119995,-0.20091450586915016,8009162.678125,0.2,3980,0.003553325,-0.00026657109992811456,0.02801513671875,1631914.5,0.0,0.29609206318855286,0.0003
100.0,1087,3276800,400,3012,-34346.990433839994,-0.2022457368671894,7859224.9203125,0.2,3990,0.0038892315,-0.0017819553926528898,0.03411865234375,1538878.875,0.0,0.2961273193359375,0.0003
100.0,1087,3284992,401,3020,-34192.467965949996,-0.20146429389715195,7016661.41875,0.2,4000,0.0037520267,-0.0012381654552882538,0.042333984375,1504315.625,0.0,0.2955992519855499,0.0003
100.0,1087,3293184,402,3027,-32544.46087113,-0.20426223687827588,6951822.25,0.2,4010,0.00340888,-0.0018994766469404567,0.03507080078125,1304689.125,0.0,0.29820016026496887,0.0003
100.0,1087,3301376,403,3035,-32284.104894379998,-0.2121864825487137,5978112.8328125,0.2,4020,0.0038875702,-0.0007830902781279292,0.0430908203125,1121930.0,1.1920928955078125e-07,0.3000766932964325,0.0003
100.0,1087,3309568,404,3043,-31759.422740460002,-0.21515883207321168,5793517.6640625,0.2,4030,0.0029643434,-0.0012521498356363736,0.04801025390625,1185595.25,0.0,0.29997774958610535,0.0003
100.0,1087,3317760,405,3050,-31521.587564110003,-0.2153912100940943,5638500.8125,0.2,4040,0.003736093,-0.0011022362930816598,0.0375,1175274.875,0.0,0.30020055174827576,0.0003
100.0,1087,3325952,406,3058,-31754.305411,-0.2145793356001377,5500079.4359375,0.2,4050,0.0053345524,-0.0019787937599176075,0.04886474609375,1189118.0,2.384185791015625e-07,0.2996627986431122,0.0003
100.0,1087,3334144,407,3066,-31841.420288330006,-0.21589801423251628,5699605.44375,0.2,4060,0.002808061,0.00022166803064465056,0.03623046875,1076240.875,0.0,0.3009381890296936,0.0003
100.0,1087,3342336,408,3073,-32176.200778219998,-0.22003346122801304,5612007.6171875,0.2,4070,0.0043496722,0.0001467437032260932,0.03865966796875,1168863.875,0.0,0.30212295055389404,0.0003
100.0,1087,3350528,409,3081,-31617.622535529998,-0.22319138012826442,5865034.6984375,0.2,4080,0.003610019,-0.0015958562224113848,0.0440673828125,1190037.0,0.0,0.3030620813369751,0.0003
100.0,1087,3358720,410,3089,-31657.847082250006,-0.22677757367491722,5365321.0890625,0.2,4090,0.0045996574,-0.00139518048017635,0.043212890625,1042106.25,0.0,0.30384546518325806,0.0003
100.0,1087,3366912,411,3097,-32258.792939209998,-0.22797326669096946,5411554.7703125,0.2,4100,0.0039623105,-0.0014340823072416242,0.036181640625,1056693.0,0.0,0.30384182929992676,0.0003
100.0,1087,3375104,412,3104,-32037.20449495,-0.23200717493891715,5810151.371875,0.2,4110,0.00482328,-0.002261198686028365,0.05006103515625,1150324.75,0.0,0.3065451383590698,0.0003
100.0,1086,3383296,413,3112,-31607.28061758,-0.2340667724609375,5646741.11875,0.2,4120,0.003739395,-0.001337861376669025,0.03973388671875,1083891.375,0.0,0.30492427945137024,0.0003
100.0,1086,3391488,414,3120,-31345.81331584,-0.23346026353538035,5426103.2203125,0.2,4130,0.0026095184,-0.0010267926227243152,0.03892822265625,1163314.5,0.0,0.30615755915641785,0.0003
100.0,1086,3399680,415,3128,-31098.183405429994,-0.23525912016630174,5424856.3453125,0.2,4140,0.003978611,-0.0018178144302510191,0.04051513671875,948966.125,0.0,0.30602043867111206,0.0003
100.0,1086,3407872,416,3136,-30596.98686978001,-0.23150988146662713,5132383.33125,0.2,4150,0.0043950165,-0.0005346861620637355,0.03770751953125,857557.6875,0.0,0.3040889799594879,0.0003
100.0,1086,3416064,417,3143,-30145.89867391,-0.22957660630345345,4909328.6375,0.2,4160,0.003839448,-0.001251959534783964,0.04075927734375,991583.0,0.0,0.304925799369812,0.0003
100.0,1086,3424256,418,3151,-30538.017644340005,-0.2313615508377552,4678689.63515625,0.2,4170,0.0028466359,0.00020859245632891542,0.03607177734375,917524.75,0.0,0.30507373809814453,0.0003
100.0,1086,3432448,419,3159,-30114.00107681,-0.23179618529975415,4911224.71640625,0.2,4180,0.0038068101,-0.000544229102160898,0.04156494140625,932122.625,0.0,0.30514761805534363,0.0003
100.0,1086,3440640,420,3167,-30042.32731053,-0.22989363223314285,4632059.23828125,0.2,4190,0.0050026877,-0.0011910463144886307,0.043115234375,979615.625,0.0,0.3040011525154114,0.0003
100.0,1086,3448832,421,3175,-29872.753996739997,-0.2292064566165209,4596496.2109375,0.2,4200,0.00459594,-0.00021528916440729517,0.03834228515625,978118.9375,-1.1920928955078125e-07,0.3045201301574707,0.0003
100.0,1086,3457024,422,3183,-30183.249008850005,-0.2313694316893816,4573075.65703125,0.2,4210,0.004165182,-0.0012521070315415273,0.037353515625,937702.875,0.0,0.3053790330886841,0.0003
100.0,1085,3465216,423,3191,-30142.862634129993,-0.23663078136742116,4713108.48671875,0.2,4220,0.004759826,-0.0026404226904560347,0.054833984375,785745.1875,5.960464477539063e-08,0.3077513575553894,0.0003
100.0,1085,3473408,424,3199,-30353.456168660006,-0.23917791284620762,4586314.09375,0.2,4230,0.003230866,-0.00019455185465631076,0.03336181640625,958857.0625,0.0,0.30689290165901184,0.0003
100.0,1085,3481600,425,3206,-30249.918566509998,-0.2396824922412634,4720479.08828125,0.2,4240,0.004440191,-0.002118986810091883,0.05225830078125,878474.0625,0.0,0.30821874737739563,0.0003
100.0,1085,3489792,426,3214,-30445.960748699996,-0.241714196652174,4615410.14296875,0.2,4250,0.0040181647,5.0740399456117305e-05,0.02705078125,904961.625,0.0,0.307808518409729,0.0003
100.0,1085,3497984,427,3222,-30673.16336844,-0.2408452257514,4627962.5015625,0.2,4260,0.0038959538,0.0004165848367847502,0.04180908203125,906918.4375,0.0,0.3079671859741211,0.0003
100.0,1085,3506176,428,3230,-30288.847801109998,-0.2400965791195631,4723033.71796875,0.2,4270,0.003619697,-0.0019971466739661992,0.0448486328125,896208.3125,0.0,0.30729278922080994,0.0003
100.0,1085,3514368,429,3238,-30179.27145585,-0.2359437994658947,4484792.0890625,0.2,4280,0.0036823242,-0.0005743578512920067,0.03404541015625,899235.0625,0.0,0.3053131103515625,0.0003
100.0,1085,3522560,430,3246,-29627.81668088999,-0.231250112503767,4442093.5390625,0.2,4290,0.0042555546,-0.0009924379613948987,0.04180908203125,981743.0625,0.0,0.30477482080459595,0.0003
100.0,1084,3530752,431,3254,-29052.3362328,-0.23228938244283198,4138069.6375,0.2,4300,0.004579212,-0.002436097238387447,0.05418701171875,765595.625,0.0,0.3057144582271576,0.0003
100.0,1084,3538944,432,3262,-28539.51981867,-0.23692324981093407,3880249.6515625,0.2,4310,0.0051572854,-0.0011874156469275476,0.04591064453125,753071.625,-1.1920928955078125e-07,0.30768364667892456,0.0003
100.0,1084,3547136,433,3270,-27825.87963738,-0.24278172701597214,3629771.37578125,0.2,4320,0.00400099,-0.0011640469412668609,0.04149169921875,741818.1875,0.0,0.30906739830970764,0.0003
100.0,1084,3555328,434,3278,-27555.12815306,-0.2464706391096115,3288307.4390625,0.2,4330,0.0038915756,-0.0003725143265910447,0.0456298828125,665996.5,0.0,0.3101854920387268,0.0003
100.0,1084,3563520,435,3285,-27869.765765260003,-0.24881209209561347,3206264.878125,0.2,4340,0.003597641,-0.0005378257737902459,0.03848876953125,565279.5625,0.0,0.3106521964073181,0.0003
100.0,1084,3571712,436,3293,-28033.848985200002,-0.25079600140452385,3376942.57421875,0.2,4350,0.004848806,-0.0016954940059804358,0.04698486328125,624972.6875,0.0,0.31124627590179443,0.0003
100.0,1084,3579904,437,3301,-28011.979888089998,-0.24949947074055673,3358304.978125,0.2,4360,0.0033284724,-0.0003636132525571156,0.0316650390625,680160.1875,0.0,0.310133159160614,0.0003
100.0,1084,3588096,438,3309,-27947.002497330002,-0.246842210739851,3333570.25859375,0.2,4370,0.0044843983,-0.0001027723901643185,0.03929443359375,594171.0,0.0,0.30942168831825256,0.0003
100.0,1083,3596288,439,3317,-27786.494073450005,-0.24988794587552549,3285135.44765625,0.2,4380,0.0038812559,-0.0013364861704758368,0.0508056640625,730132.5625,1.1920928955078125e-07,0.3120138347148895,0.0003
100.0,1083,3604480,440,3325,-27741.521560510002,-0.2546697951853275,3164872.51484375,0.2,4390,0.0030277912,0.0001412677767802961,0.03868408203125,636106.5,0.0,0.31211352348327637,0.0003
100.0,1083,3612672,441,3333,-27755.33128983,-0.2541712611913681,3197377.4765625,0.2,4400,0.005293958,-0.00033897101238835605,0.045751953125,644135.9375,0.0,0.3122025728225708,0.0003
100.0,1083,3620864,442,3341,-27670.243200329995,-0.2577536769211292,3201964.57109375,0.2,4410,0.004346353,-0.000879314512349083,0.0450927734375,659402.875,0.0,0.31420689821243286,0.0003
100.0,1083,3629056,443,3349,-27347.487421399997,-0.25584334433078765,3143817.17734375,0.2,4420,0.0054972516,-0.0007610375032527372,0.0513916015625,623711.9375,0.0,0.3109765648841858,0.0003
100.0,1083,3637248,444,3357,-27100.050205129995,-0.24832464754581451,2986628.22890625,0.2,4430,0.004004741,-0.0005842217655299464,0.04586181640625,561745.875,-1.1920928955078125e-07,0.3095631003379822,0.0003
100.0,1083,3645440,445,3365,-27082.52782282,-0.24342578537762166,2932445.6375,0.2,4440,0.0040247594,-0.0005527773100766353,0.0375244140625,601028.0,0.0,0.3076941668987274,0.0003
100.0,1083,3653632,446,3372,-27181.72551921,-0.24218938164412976,2906754.621875,0.2,4450,0.0031390148,-0.00022052861168049277,0.0406005859375,626745.375,1.1920928955078125e-07,0.30867260694503784,0.0003
100.0,1083,3661824,447,3380,-27261.74043093,-0.2471386630088091,2911287.8875,0.2,4460,0.0031418297,0.00012302710238145664,0.03099365234375,601573.3125,0.0,0.3110503554344177,0.0003
100.0,1082,3670016,448,3388,-27218.171201720004,-0.25240091904997825,2935312.6671875,0.2,4470,0.0031588525,-0.0006854320163256489,0.0340087890625,579664.0,0.0,0.3118574619293213,0.0003
100.0,1082,3678208,449,3396,-26964.35639506,-0.2533086515963078,2919057.32890625,0.2,4480,0.0043381206,-0.0002787566954793874,0.04521484375,601608.375,0.0,0.31171831488609314,0.0003
100.0,1082,3686400,450,3404,-26479.305531050006,-0.25132578834891317,2797916.58203125,0.2,4490,0.0058464296,-0.0017472946281486656,0.07647705078125,558733.3125,0.0,0.31070372462272644,0.0003
100.0,1082,3694592,451,3412,-27276.781017480003,-0.25135385766625407,2586335.54453125,0.2,4500,0.0049452223,-0.00010844353491847868,0.04676513671875,465247.25,0.0,0.3116302490234375,0.0003
100.0,1082,3702784,452,3420,-26862.84811185,-0.2559033192694187,2929202.5828125,0.2,4510,0.0048682597,-0.0023133673807024025,0.05433349609375,540286.75,-2.384185791015625e-07,0.3135828375816345,0.0003
100.0,1082,3710976,453,3428,-26834.55530469,-0.2608433824032545,2620495.469921875,0.2,4520,0.004430983,-2.4734724138397724e-05,0.0422607421875,525822.375,0.0,0.3148695230484009,0.0003
100.0,1082,3719168,454,3436,-26878.789458630003,-0.26303884722292425,2611328.709375,0.2,4530,0.0051741037,-0.0016880586379556916,0.05810546875,520453.59375,1.1920928955078125e-07,0.3146721422672272,0.0003
100.0,1082,3727360,455,3444,-26836.9828129,-0.2611901737749577,2664057.61796875,0.2,4540,0.0045189876,-0.0008035913706407882,0.05831298828125,516491.625,-1.1920928955078125e-07,0.3138217329978943,0.0003
100.0,1082,3735552,456,3452,-26385.61616991,-0.2577880773693323,2624139.7484375,0.2,4550,0.0042542126,-0.00036977609852328897,0.0430419921875,542128.8125,0.0,0.3124683201313019,0.0003
100.0,1081,3743744,457,3460,-26325.66951471,-0.2591687060892582,2454072.268359375,0.2,4560,0.004384739,-0.0007606191593367839,0.04517822265625,439442.90625,0.0,0.314603328704834,0.0003
100.0,1081,3751936,458,3468,-25744.43270055,-0.26260552518069746,2452676.973828125,0.2,4570,0.0050293524,-0.002051579278486315,0.059521484375,469541.6875,0.0,0.3146721124649048,0.0003
100.0,1081,3760128,459,3475,-25119.63053414,-0.2617992751300335,2200423.89375,0.2,4580,0.0050004367,-0.0001804566323698964,0.05338134765625,437110.9375,0.0,0.31439894437789917,0.0003
100.0,1081,3768320,460,3483,-24294.553631729996,-0.2648908119648695,1998086.734765625,0.2,4590,0.003606887,-0.0008824399999866727,0.056640625,418640.71875,0.0,0.31618601083755493,0.0003
100.0,1081,3776512,461,3491,-24330.999987940002,-0.26987340189516545,1734797.35390625,0.2,4600,0.0041789818,-2.067772948066704e-05,0.05594482421875,333262.1875,5.960464477539063e-08,0.31726908683776855,0.0003
100.0,1081,3784704,462,3499,-23863.89057642,-0.270281370729208,1792628.23046875,0.2,4610,0.0036217612,1.5171031554928049e-05,0.05262451171875,393020.71875,-1.1920928955078125e-07,0.31672871112823486,0.0003
100.0,1081,3792896,463,3507,-23287.640129219995,-0.27506737411022186,1642139.06171875,0.2,4620,0.004286265,-0.0004160635537118651,0.05767822265625,344142.5625,0.0,0.32066309452056885,0.0003
100.0,1081,3801088,464,3515,-23191.539278870005,-0.28298819474875925,1504302.139453125,0.2,4630,0.0047114287,-0.0003234755498851882,0.0544677734375,308866.0,-1.1920928955078125e-07,0.32120808959007263,0.0003
100.0,1081,3809280,465,3523,-22834.85761854001,-0.28260832391679286,1478989.3546875,0.2,4640,0.0050651506,-0.0017693198329652659,0.061572265625,310306.03125,0.0,0.3206169903278351,0.0003
100.0,1080,3817472,466,3531,-22897.317391269993,-0.27972341477870943,1354084.3234375,0.2,4650,0.0032916653,0.0005788987666164758,0.03758544921875,262363.0625,0.0,0.31959012150764465,0.0003
100.0,1080,3825664,467,3539,-22987.05022265,-0.28101304806768895,1423804.794140625,0.2,4660,0.0045626014,-0.0008018279433599674,0.05733642578125,282509.21875,0.0,0.32142406702041626,0.0003
100.0,1080,3833856,468,3547,-22861.35323411,-0.28568389676511285,1443625.76640625,0.2,4670,0.0045218267,0.0006862560017907527,0.054345703125,268120.59375,0.0,0.32235878705978394,0.0003
100.0,1080,3842048,469,3555,-22546.453069149997,-0.28615478575229647,1405056.7375,0.2,4680,0.005401458,-0.00068230020115152,0.0508056640625,266910.84375,0.0,0.321980357170105,0.0003
100.0,1080,3850240,470,3563,-22241.250212349998,-0.2910103466361761,1311256.7875,0.2,4690,0.0044731307,-0.0004980834848538507,0.04886474609375,256059.765625,0.0,0.3253639340400696,0.0003
100.0,1080,3858432,471,3571,-21668.137786909992,-0.29893715083599093,1240653.2833984375,0.2,4700,0.006037552,-0.0008735309354960918,0.07088623046875,208387.796875,-1.1920928955078125e-07,0.3268154263496399,0.0003
100.0,1080,3866624,472,3578,-21754.895421589994,-0.30265026055276395,1135122.8,0.2,4710,0.0034171394,0.0006025123220751993,0.05025634765625,217022.09375,0.0,0.3280786871910095,0.0003
100.0,1080,3874816,473,3586,-21756.864671829993,-0.30440701842308043,1144995.0373046875,0.2,4720,0.0043526585,0.0003711325429321732,0.0426025390625,221978.125,0.0,0.328544020652771,0.0003
100.0,1080,3883008,474,3594,-21822.66826602,-0.30654559172689916,1157424.907421875,0.2,4730,0.0032713325,0.00015153175918385385,0.05068359375,233076.75,0.0,0.3292574882507324,0.0003
100.0,1080,3891200,475,3602,-22118.71537317,-0.31168983206152917,1153766.034765625,0.2,4740,0.0054175197,8.06438249128405e-05,0.0637939453125,199081.984375,0.0,0.33170855045318604,0.0003
100.0,1079,3899392,476,3610,-22117.88242977001,-0.3200579550117254,1221628.359375,0.2,4750,0.0064770533,-0.0003752722797798924,0.0621826171875,231481.953125,0.0,0.33506011962890625,0.0003
100.0,1079,3907584,477,3618,-22177.323505559998,-0.32568447329103944,1169492.1259765625,0.2,4760,0.0041584456,-3.5578571987571196e-05,0.0470458984375,235629.890625,0.0,0.3355511724948883,0.0003
100.0,1079,3915776,478,3626,-22290.094247510002,-0.3347130950540304,1206770.07109375,0.2,4770,0.0053475806,-0.001600512390359654,0.071728515625,225853.0,0.0,0.3404180705547333,0.0003
100.0,1079,3923968,479,3634,-21475.42094356,-0.34736939780414106,1182534.3861328126,0.2,4780,0.0063523585,-0.00113456538238097,0.0619384765625,235271.09375,2.384185791015625e-07,0.3444320857524872,0.0003
100.0,1079,3932160,480,3642,-21234.775936309998,-0.3552448108792305,995567.356640625,0.2,4790,0.004711665,0.0005485651490744203,0.05462646484375,233275.109375,0.0,0.3455691337585449,0.0003
100.0,1079,3940352,481,3650,-21178.718198700004,-0.360676322132349,980580.1091796875,0.2,4800,0.00589949,-0.0005208356771618128,0.05711669921875,187691.6875,0.0,0.34823504090309143,0.0003
100.0,1079,3948544,482,3658,-20065.14991593,-0.3658501885831356,964307.809375,0.2,4810,0.0027918955,0.00035420568237896075,0.0542724609375,185798.40625,0.0,0.34928572177886963,0.0003
100.0,1079,3956736,483,3666,-19731.433998719996,-0.3644253879785538,711310.14921875,0.2,4820,0.0042099464,-3.1790108187124134e-05,0.06435546875,156434.703125,0.0,0.34742099046707153,0.0003
100.0,1079,3964928,484,3673,-19663.62417061,-0.36129013933241366,677561.12890625,0.2,4830,0.006280777,-4.4872146827401596e-05,0.07005615234375,136176.296875,0.0,0.34701991081237793,0.0003
100.0,1079,3973120,485,3681,-19481.30301988,-0.3603854522109032,661700.0107421875,0.2,4840,0.006382943,-0.00035385074224905113,0.06585693359375,126406.921875,0.0,0.34743791818618774,0.0003
100.0,1078,3981312,486,3689,-19013.63298955,-0.35449225530028344,634954.2966796875,0.2,4850,0.005407544,-0.0007689855054195504,0.0593994140625,133111.890625,0.0,0.3425862789154053,0.0003
100.0,1078,3989504,487,3697,-18578.52271401,-0.34725582487881185,531425.5168945312,0.2,4860,0.0062285243,0.0001469066359277349,0.07598876953125,116962.375,0.0,0.341902494430542,0.0003
100.0,1078,3997696,488,3705,-18283.015059340003,-0.34599753879010675,465298.3201171875,0.2,4870,0.0045173136,0.00019961235957453028,0.06878662109375,106703.265625,0.0,0.3423374891281128,0.0003
100.0,1078,4005888,489,3713,-17821.17845227,-0.34382715336978437,417040.7212890625,0.2,4880,0.0052248444,0.00022968130651861428,0.07083740234375,77808.421875,5.960464477539063e-08,0.3409607410430908,0.0003
