train/n_updates,train/learning_rate,time/fps,rollout/ep_rew_mean,train/actor_loss,rollout/ep_len_mean,train/critic_loss,time/total_timesteps,time/episodes,time/time_elapsed,eval/mean_reward,eval/mean_ep_length
974,0.0001,308,-4193.88431375,3698.456298828125,1000.0,426967.75,4000,4,12,,
1974,0.0001,397,-5403.16592125,3761.7705078125,1000.0,14737.2353515625,8000,8,20,,
2474,0.0001,,,3330.509765625,,617749.75,10000,,,-152506231.311244,1000.0
2974,0.0001,393,-5031.132270166666,3129.372314453125,1000.0,13654.48046875,12000,12,30,,
3974,0.0001,425,-4794.46887225,3187.253173828125,1000.0,352354.8125,16000,16,37,,
4974,0.0001,,,2902.30078125,,322411.59375,20000,,,-152506231.311244,1000.0
,,417,-4573.6748322,,1000.0,,20000,20,47,,
5974,0.0001,436,-4668.827536416667,2722.052490234375,1000.0,6483.044921875,24000,24,55,,
6974,0.0001,450,-4960.931751285714,2929.699951171875,1000.0,28615.41796875,28000,28,62,,
7474,0.0001,,,3134.16748046875,,3700.975830078125,30000,,,-152506231.311244,1000.0
7974,0.0001,441,-4912.81649984375,2852.056884765625,1000.0,12940.5849609375,32000,32,72,,
8974,0.0001,452,-5059.202547916666,2868.28466796875,1000.0,12604.5546875,36000,36,79,,
9974,0.0001,,,2967.365478515625,,137875.96875,40000,,,-152506231.311244,1000.0
,,445,-4862.082232399999,,1000.0,,40000,40,89,,
10974,0.0001,453,-4778.141392568181,2794.3740234375,1000.0,85056.8984375,44000,44,97,,
11974,0.0001,460,-4920.768810166666,2788.464111328125,1000.0,4696.4716796875,48000,48,104,,
12474,0.0001,,,2551.261962890625,,87817.421875,50000,,,-152506231.311244,1000.0
12974,0.0001,454,-4955.219592134615,2850.20166015625,1000.0,473936.0625,52000,52,114,,
13974,0.0001,460,-4777.48854625,2665.30078125,1000.0,1583634.25,56000,56,121,,
14974,0.0001,,,2687.3369140625,,7624.72802734375,60000,,,-152506231.311244,1000.0
,,455,-4720.152565533333,,1000.0,,60000,60,131,,
15974,0.0001,460,-4748.2023239531245,2665.73291015625,1000.0,4243.6630859375,64000,64,138,,
16974,0.0001,465,-4729.3837778529405,2502.2587890625,1000.0,890933.3125,68000,68,146,,
17474,0.0001,,,2911.9794921875,,49514.296875,70000,,,-152506231.311244,1000.0
17974,0.0001,460,-4825.643315263889,2666.50390625,1000.0,16001.0673828125,72000,72,156,,
18974,0.0001,464,-4839.190448407895,2839.9970703125,1000.0,6625.326171875,76000,76,163,,
19974,0.0001,,,2883.3359375,,21941.521484375,80000,,,-152506231.311244,1000.0
,,460,-4794.243405137499,,1000.0,,80000,80,173,,
20974,0.0001,463,-4707.557252214285,2593.812744140625,1000.0,2980.24658203125,84000,84,181,,
21974,0.0001,467,-4777.164233840909,2705.90576171875,1000.0,467425.375,88000,88,188,,
22474,0.0001,,,2803.6953125,,1383280.75,90000,,,-152506231.311244,1000.0
22974,0.0001,463,-4739.4210735869565,2720.8408203125,1000.0,26326.958984375,92000,92,198,,
23974,0.0001,466,-4738.20754378125,2803.213134765625,1000.0,8677.275390625,96000,96,205,,
24974,0.0001,,,2856.67724609375,,168054.71875,100000,,,-152506231.311244,1000.0
,,463,-4757.13521521,,1000.0,,100000,100,215,,
25974,0.0001,466,-4742.55853121,2895.27880859375,1000.0,20096.32421875,104000,104,223,,
26974,0.0001,469,-4633.831622330001,2656.28076171875,1000.0,2737.59423828125,108000,108,230,,
27474,0.0001,,,2974.6240234375,,5423.2353515625,110000,,,-152506231.311244,1000.0
27974,0.0001,465,-4653.718617670002,2787.609130859375,1000.0,5880.40771484375,112000,112,240,,
28974,0.0001,468,-4676.301513,2693.955078125,1000.0,8506.2060546875,116000,116,247,,
29974,0.0001,,,2695.103515625,,7173.4599609375,120000,,,-152506231.311244,1000.0
,,465,-4754.81268737,,1000.0,,120000,120,258,,
30974,0.0001,467,-4700.03217607,2848.87548828125,1000.0,5242.82763671875,124000,124,265,,
31974,0.0001,469,-4562.2316310900005,2692.577880859375,1000.0,17670.41015625,128000,128,272,,
32474,0.0001,,,2838.75,,2598.9228515625,130000,,,-152506231.311244,1000.0
32974,0.0001,467,-4562.31571649,2520.1435546875,1000.0,11455.17578125,132000,132,282,,
33974,0.0001,469,-4482.20298966,3029.834228515625,1000.0,4668.6171875,136000,136,289,,
34974,0.0001,,,2620.50732421875,,5404.1357421875,140000,,,-152506231.311244,1000.0
,,466,-4555.75627337,,1000.0,,140000,140,300,,
35974,0.0001,468,-4538.16145893,2481.02783203125,1000.0,89184.46875,144000,144,307,,
36974,0.0001,470,-4451.02914705,2666.8818359375,1000.0,4138.86328125,148000,148,314,,
37474,0.0001,,,2708.887451171875,,2586.65771484375,150000,,,-152506231.311244,1000.0
37974,0.0001,468,-4419.453091300001,2659.0986328125,1000.0,69085.421875,152000,152,324,,
38974,0.0001,470,-4523.93600144,2822.09912109375,1000.0,5688.28955078125,156000,156,331,,
39974,0.0001,,,2747.031494140625,,22649.408203125,160000,,,-152506231.311244,1000.0
,,467,-4557.49479735,,1000.0,,160000,160,342,,
40974,0.0001,469,-4588.17110413,2797.13037109375,1000.0,306106.5625,164000,164,349,,
41974,0.0001,471,-4542.84721871,2652.84326171875,1000.0,5299.53515625,168000,168,356,,
42474,0.0001,,,2855.16650390625,,222422.25,170000,,,-152506231.311244,1000.0
42974,0.0001,468,-4475.674549920001,2755.101806640625,1000.0,28433.990234375,172000,172,366,,
43974,0.0001,470,-4499.52250787,2665.044921875,1000.0,167033.5625,176000,176,374,,
44974,0.0001,,,2828.1708984375,,3952.566162109375,180000,,,-152506231.311244,1000.0
,,468,-4538.1011523,,1000.0,,180000,180,384,,
45974,0.0001,469,-4571.68244712,2700.06982421875,1000.0,131677.046875,184000,184,391,,
46974,0.0001,471,-4494.1158103200005,2460.009765625,1000.0,6115.1201171875,188000,188,398,,
47474,0.0001,,,2720.5361328125,,11388.50390625,190000,,,-152506231.311244,1000.0
47974,0.0001,469,-4516.9343379,2758.9677734375,1000.0,12362.482421875,192000,192,409,,
48974,0.0001,470,-4566.36691189,2574.25830078125,1000.0,25343.30859375,196000,196,416,,
49974,0.0001,,,2686.43505859375,,14547.267578125,200000,,,-152506231.311244,1000.0
,,468,-4509.90354972,,1000.0,,200000,200,426,,
50974,0.0001,470,-4510.669138870001,2681.68798828125,1000.0,188798.0625,204000,204,433,,
51974,0.0001,471,-4521.714562730001,2651.03515625,1000.0,187339.6875,208000,208,440,,
52474,0.0001,,,2646.638671875,,5076.1123046875,210000,,,-152506231.311244,1000.0
52974,0.0001,469,-4548.543067740001,2770.8896484375,1000.0,11187.3388671875,212000,212,451,,
53974,0.0001,471,-4549.7341521,2702.4423828125,1000.0,2566.83203125,216000,216,458,,
54974,0.0001,,,2733.156005859375,,7301.7578125,220000,,,-152506231.311244,1000.0
,,469,-4545.832852449999,,1000.0,,220000,220,468,,
55974,0.0001,470,-4624.82536022,2717.4208984375,1000.0,2004.800537109375,224000,224,475,,
56974,0.0001,471,-4636.310155210001,2746.02392578125,1000.0,3104.02880859375,228000,228,483,,
57474,0.0001,,,2934.7890625,,2253.2060546875,230000,,,-152506231.311244,1000.0
57974,0.0001,470,-4595.401984120001,2887.2783203125,1000.0,47021.78125,232000,232,493,,
58974,0.0001,471,-4653.5570287400005,2760.39453125,1000.0,1200.495849609375,236000,236,500,,
59974,0.0001,,,2764.09326171875,,35314.90234375,240000,,,-152506231.311244,1000.0
,,469,-4704.80597761,,1000.0,,240000,240,510,,
60974,0.0001,470,-4766.90904475,2744.59765625,1000.0,2855.29833984375,244000,244,518,,
61974,0.0001,472,-4802.460256870001,2864.13720703125,1000.0,3817.962890625,248000,248,525,,
62474,0.0001,,,2839.38671875,,22893.60546875,250000,,,-152506231.311244,1000.0
62974,0.0001,470,-4787.089605640001,2604.87109375,1000.0,22153.6796875,252000,252,535,,
63974,0.0001,471,-4759.20356294,2605.3876953125,1000.0,4170.53173828125,256000,256,542,,
64974,0.0001,,,2871.81884765625,,5914.515625,260000,,,-152506231.311244,1000.0
,,470,-4756.1436894,,1000.0,,260000,260,553,,
65974,0.0001,471,-4716.35976922,2777.29248046875,1000.0,3897.0341796875,264000,264,560,,
66974,0.0001,472,-4819.951287509999,2893.049072265625,1000.0,4011.926513671875,268000,268,567,,
67474,0.0001,,,2719.820068359375,,81057.734375,270000,,,-152506231.311244,1000.0
67974,0.0001,470,-4767.207538879999,2962.812744140625,1000.0,3224.939453125,272000,272,577,,
68974,0.0001,471,-4696.827317170001,2908.55322265625,1000.0,1798.9189453125,276000,276,585,,
69974,0.0001,,,2648.93798828125,,8915.5234375,280000,,,-152506231.311244,1000.0
,,470,-4715.341447719999,,1000.0,,280000,280,595,,
70974,0.0001,471,-4705.46465134,2775.19384765625,1000.0,4834.025390625,284000,284,602,,
71974,0.0001,472,-4727.651322510001,2815.220458984375,1000.0,3396.658935546875,288000,288,609,,
72474,0.0001,,,2712.608642578125,,2614.601806640625,290000,,,-152506231.311244,1000.0
72974,0.0001,470,-4817.904618269999,2761.73046875,1000.0,8246.83203125,292000,292,620,,
73974,0.0001,471,-4823.42403575,2691.949951171875,1000.0,32421.29296875,296000,296,627,,
74974,0.0001,,,2632.55029296875,,122720.625,300000,,,-152506231.311244,1000.0
,,470,-4826.41197305,,1000.0,,300000,300,637,,
75974,0.0001,471,-4881.75647315,2882.2255859375,1000.0,50161.1484375,304000,304,644,,
76974,0.0001,472,-4900.0003239,2724.45263671875,1000.0,6562.73681640625,308000,308,652,,
77474,0.0001,,,2670.3427734375,,11369.955078125,310000,,,-152506231.311244,1000.0
77974,0.0001,470,-4866.95963175,2590.2080078125,1000.0,7726.75,312000,312,662,,
78974,0.0001,471,-4865.285551559999,2699.1728515625,1000.0,5503.95166015625,316000,316,669,,
79974,0.0001,,,2711.406982421875,,7451.400390625,320000,,,-152506231.311244,1000.0
,,470,-4816.41600948,,1000.0,,320000,320,679,,
80974,0.0001,471,-4847.6348699499995,2746.400634765625,1000.0,34034.54296875,324000,324,687,,
81974,0.0001,472,-4906.371592740001,2702.826171875,1000.0,5249.33837890625,328000,328,694,,
82474,0.0001,,,2655.740234375,,7482.30029296875,330000,,,-152506231.311244,1000.0
82974,0.0001,471,-4968.655656060001,2785.667724609375,1000.0,27159.0625,332000,332,704,,
83974,0.0001,471,-4908.69929303,2789.4267578125,1000.0,2824.75048828125,336000,336,712,,
84974,0.0001,,,2704.63134765625,,3476.2392578125,340000,,,-152506231.311244,1000.0
,,470,-4797.081932229999,,1000.0,,340000,340,722,,
85974,0.0001,471,-4806.95500142,2632.8935546875,1000.0,1138.6824951171875,344000,344,729,,
86974,0.0001,472,-4753.85854392,2792.194580078125,1000.0,16027.76953125,348000,348,736,,
87474,0.0001,,,2655.35791015625,,24525.07421875,350000,,,-152506231.311244,1000.0
87974,0.0001,471,-4835.08807646,2625.17822265625,1000.0,1720.04150390625,352000,352,747,,
88974,0.0001,471,-4877.185448849999,2651.32763671875,1000.0,43789.265625,356000,356,754,,
89974,0.0001,,,2678.273193359375,,10542.583984375,360000,,,-152506231.311244,1000.0
,,470,-4911.0020749899995,,1000.0,,360000,360,764,,
90974,0.0001,471,-4902.2541317800005,2682.48681640625,1000.0,1194.6451416015625,364000,364,772,,
91974,0.0001,472,-4799.39393043,2768.084716796875,1000.0,2206.216552734375,368000,368,779,,
92474,0.0001,,,2699.47607421875,,7402.2138671875,370000,,,-152506231.311244,1000.0
92974,0.0001,471,-4777.95756094,2596.9404296875,1000.0,2633.41259765625,372000,372,789,,
93974,0.0001,471,-4786.68752921,2690.487548828125,1000.0,5988.14453125,376000,376,796,,
94974,0.0001,,,2683.04736328125,,44255.4453125,380000,,,-152506231.311244,1000.0
,,470,-4750.351961019999,,1000.0,,380000,380,807,,
95974,0.0001,471,-4762.73720929,2589.52197265625,1000.0,45394.58203125,384000,384,814,,
96974,0.0001,472,-4754.58974895,2762.09375,1000.0,12789.556640625,388000,388,821,,
97474,0.0001,,,2740.255615234375,,1434.8101806640625,390000,,,-152506231.311244,1000.0
97974,0.0001,471,-4728.974750619999,2688.755126953125,1000.0,1871.28271484375,392000,392,832,,
98974,0.0001,471,-4704.5377603,2776.6748046875,1000.0,2548.15185546875,396000,396,839,,
99974,0.0001,,,2682.970458984375,,2050.64501953125,400000,,,-152506231.311244,1000.0
,,470,-4674.02789034,,1000.0,,400000,400,849,,
100974,0.0001,471,-4648.789829560001,2592.8779296875,1000.0,26076.97265625,404000,404,856,,
101974,0.0001,472,-4646.8306071,2871.5966796875,1000.0,8068.44677734375,408000,408,864,,
102474,0.0001,,,2663.692626953125,,1483.62060546875,410000,,,-152506231.311244,1000.0
102974,0.0001,471,-4587.94524718,2683.64892578125,1000.0,1245.1016845703125,412000,412,874,,
103974,0.0001,471,-4677.567884149999,2684.668212890625,1000.0,4577.41455078125,416000,416,881,,
104974,0.0001,,,2585.0869140625,,2131.1904296875,420000,,,-152506231.311244,1000.0
,,470,-4685.86260687,,1000.0,,420000,420,891,,
105974,0.0001,471,-4599.16379151,2727.840576171875,1000.0,807.1888427734375,424000,424,899,,
106974,0.0001,472,-4644.21151937,2812.511962890625,1000.0,6504.923828125,428000,428,906,,
107474,0.0001,,,2645.2744140625,,850.8109130859375,430000,,,-152506231.311244,1000.0
107974,0.0001,471,-4654.24282004,2662.488037109375,1000.0,12974.3212890625,432000,432,916,,
108974,0.0001,471,-4747.05103079,2765.997314453125,1000.0,1476.4423828125,436000,436,924,,
109974,0.0001,,,2725.946044921875,,2068.992431640625,440000,,,-152506231.311244,1000.0
,,470,-4767.607118939999,,1000.0,,440000,440,934,,
110974,0.0001,471,-4762.690607549999,2678.8134765625,1000.0,4524.41259765625,444000,444,941,,
111974,0.0001,472,-4812.73687575,2719.778564453125,1000.0,2836.470703125,448000,448,948,,
112474,0.0001,,,2606.979248046875,,1315.73486328125,450000,,,-152506231.311244,1000.0
112974,0.0001,471,-4814.654954279999,2606.541748046875,1000.0,498.792236328125,452000,452,959,,
113974,0.0001,471,-4723.11800696,2562.497802734375,1000.0,14302.021484375,456000,456,966,,
114974,0.0001,,,2599.997802734375,,5004.884765625,460000,,,-152506231.311244,1000.0
,,470,-4718.014157169999,,1000.0,,460000,460,976,,
115974,0.0001,471,-4699.74285128,2589.368408203125,1000.0,1909.7724609375,464000,464,983,,
116974,0.0001,472,-4745.647124429999,2548.5849609375,1000.0,54115.8671875,468000,468,991,,
117474,0.0001,,,2694.0927734375,,1504.50390625,470000,,,-152506231.311244,1000.0
117974,0.0001,471,-4840.81365792,2604.41796875,1000.0,2028.3585205078125,472000,472,1001,,
118974,0.0001,471,-4874.20779084,2595.30615234375,1000.0,2018.0086669921875,476000,476,1008,,
119974,0.0001,,,2729.92529296875,,830.127685546875,480000,,,-152506231.311244,1000.0
,,471,-4872.38041103,,1000.0,,480000,480,1019,,
120974,0.0001,471,-4907.36746026,2756.13818359375,1000.0,11627.6220703125,484000,484,1026,,
121974,0.0001,472,-4904.259154019999,2823.40673828125,1000.0,4215.3984375,488000,488,1033,,
122474,0.0001,,,2728.647216796875,,2041.787109375,490000,,,-152506231.311244,1000.0
122974,0.0001,471,-4826.65658452,2613.15478515625,1000.0,1012.4007568359375,492000,492,1043,,
123974,0.0001,471,-4781.81533804,2625.03662109375,1000.0,866.8659057617188,496000,496,1051,,
124974,0.0001,,,2591.7705078125,,3049.63232421875,500000,,,-152506231.311244,1000.0
,,471,-4881.1844365,,1000.0,,500000,500,1061,,
125974,0.0001,471,-4912.480471399999,2557.37158203125,1000.0,31126.44921875,504000,504,1068,,
126974,0.0001,472,-4856.379179789999,2646.794677734375,1000.0,4970.6337890625,508000,508,1075,,
127474,0.0001,,,2565.071044921875,,3614.170654296875,510000,,,-152506231.311244,1000.0
127974,0.0001,471,-4921.122065890001,2566.4306640625,1000.0,1113.27392578125,512000,512,1086,,
128974,0.0001,471,-4825.923693320001,2597.21240234375,1000.0,1685.41162109375,516000,516,1093,,
129974,0.0001,,,2636.4169921875,,8149.77978515625,520000,,,-152506231.311244,1000.0
,,471,-4764.543044520001,,1000.0,,520000,520,1103,,
130974,0.0001,471,-4818.7486279,2742.505615234375,1000.0,2013.95947265625,524000,524,1111,,
131974,0.0001,472,-4724.31099688,2702.7001953125,1000.0,1405.5426025390625,528000,528,1118,,
132474,0.0001,,,2545.546875,,1225.09130859375,530000,,,-152506231.311244,1000.0
132974,0.0001,471,-4614.71073379,2724.10205078125,1000.0,1389.1033935546875,532000,532,1128,,
133974,0.0001,471,-4531.613240989999,2675.70654296875,1000.0,3759.619140625,536000,536,1135,,
134974,0.0001,,,2747.03173828125,,9691.6572265625,540000,,,-152506231.311244,1000.0
,,471,-4579.46567969,,1000.0,,540000,540,1146,,
135974,0.0001,471,-4554.65933501,2604.716796875,1000.0,3822.78857421875,544000,544,1153,,
136974,0.0001,472,-4525.49453845,2570.108154296875,1000.0,3072.491455078125,548000,548,1160,,
137474,0.0001,,,2450.5419921875,,756.1937866210938,550000,,,-152506231.311244,1000.0
137974,0.0001,471,-4362.47897824,2709.98193359375,1000.0,2430.78515625,552000,552,1171,,
138974,0.0001,471,-4382.72911909,2696.050048828125,1000.0,3931.631103515625,556000,556,1178,,
139974,0.0001,,,2608.326416015625,,940.6094360351562,560000,,,-152506231.311244,1000.0
,,471,-4371.26852664,,1000.0,,560000,560,1188,,
140974,0.0001,471,-4439.605338279999,2580.577392578125,1000.0,911.0662841796875,564000,564,1195,,
141974,0.0001,472,-4475.10230071,2531.0615234375,1000.0,1740.73046875,568000,568,1203,,
142474,0.0001,,,2614.6318359375,,1218.45703125,570000,,,-152506231.311244,1000.0
142974,0.0001,471,-4517.50857806,2656.75048828125,1000.0,845.0489501953125,572000,572,1213,,
143974,0.0001,471,-4480.52832458,2515.48828125,1000.0,694.53662109375,576000,576,1220,,
144974,0.0001,,,2597.5400390625,,905.4199829101562,580000,,,-152506231.311244,1000.0
,,471,-4514.03920727,,1000.0,,580000,580,1231,,
145974,0.0001,471,-4511.316975160001,2677.6494140625,1000.0,666.748046875,584000,584,1238,,
146974,0.0001,472,-4593.12746992,2633.59375,1000.0,471.87615966796875,588000,588,1245,,
147474,0.0001,,,2716.115966796875,,783.31396484375,590000,,,-152506231.311244,1000.0
147974,0.0001,471,-4659.45734653,2611.75390625,1000.0,2430.72265625,592000,592,1255,,
148974,0.0001,471,-4617.19487011,2521.46923828125,1000.0,2160.41552734375,596000,596,1263,,
149974,0.0001,,,2465.83544921875,,14755.0576171875,600000,,,-152506231.311244,1000.0
,,471,-4669.81158707,,1000.0,,600000,600,1273,,
150974,0.0001,471,-4649.452046959999,2721.201416015625,1000.0,1245.38671875,604000,604,1280,,
151974,0.0001,472,-4728.68726151,2509.118408203125,1000.0,1819.599853515625,608000,608,1287,,
152474,0.0001,,,2609.63916015625,,628.7635498046875,610000,,,-152506231.311244,1000.0
152974,0.0001,471,-4759.50546208,2422.001220703125,1000.0,1392.0198974609375,612000,612,1298,,
153974,0.0001,471,-4784.88288225,2641.602294921875,1000.0,1437.398193359375,616000,616,1305,,
154974,0.0001,,,2634.3818359375,,1000.774169921875,620000,,,-152506231.311244,1000.0
,,471,-4870.062765489999,,1000.0,,620000,620,1315,,
155974,0.0001,471,-4791.322212179999,2728.6552734375,1000.0,1254.93017578125,624000,624,1323,,
156974,0.0001,472,-4799.32911938,2605.767822265625,1000.0,578.49169921875,628000,628,1330,,
157474,0.0001,,,2671.77783203125,,1355.966064453125,630000,,,-152506231.311244,1000.0
157974,0.0001,471,-4875.684666209999,2546.81591796875,1000.0,15537.671875,632000,632,1340,,
158974,0.0001,471,-4892.36272137,2546.73193359375,1000.0,405.7352600097656,636000,636,1348,,
159974,0.0001,,,2589.335693359375,,389.32379150390625,640000,,,-152506231.311244,1000.0
,,471,-4880.89851348,,1000.0,,640000,640,1358,,
160974,0.0001,471,-4899.407769549999,2475.67236328125,1000.0,9012.283203125,644000,644,1365,,
161974,0.0001,472,-4954.90236981,2646.25634765625,1000.0,575.1688232421875,648000,648,1372,,
162474,0.0001,,,2713.553955078125,,535.9892578125,650000,,,-152506231.311244,1000.0
162974,0.0001,471,-5037.146052380001,2681.947265625,1000.0,2861.915283203125,652000,652,1383,,
163974,0.0001,471,-5091.30904124,2598.43017578125,1000.0,3191.422607421875,656000,656,1390,,
164974,0.0001,,,2447.77685546875,,432.8452453613281,660000,,,-152506231.311244,1000.0
,,471,-5115.265845610001,,1000.0,,660000,660,1400,,
165974,0.0001,471,-5054.565249910001,2437.13037109375,1000.0,1000.1951904296875,664000,664,1408,,
166974,0.0001,471,-5073.375072039999,2552.50634765625,1000.0,899.9530639648438,668000,668,1415,,
167474,0.0001,,,2664.5087890625,,1675.4840087890625,670000,,,-152506231.311244,1000.0
167974,0.0001,471,-4980.42748946,2528.4423828125,1000.0,522.6777954101562,672000,672,1425,,
168974,0.0001,471,-4997.2635249899995,2344.160888671875,1000.0,548.7315673828125,676000,676,1432,,
169974,0.0001,,,2577.80908203125,,2600.87744140625,680000,,,-152506231.311244,1000.0
,,471,-4956.618914169999,,1000.0,,680000,680,1443,,
170974,0.0001,471,-4934.86459347,2479.77392578125,1000.0,2433.2392578125,684000,684,1450,,
171974,0.0001,471,-4883.61377166,2621.60791015625,1000.0,1069.442626953125,688000,688,1457,,
172474,0.0001,,,2554.58984375,,2182.43408203125,690000,,,-152506231.311244,1000.0
172974,0.0001,471,-4776.37109199,2527.7236328125,1000.0,515.9063110351562,692000,692,1468,,
173974,0.0001,471,-4786.33076016,2303.552734375,1000.0,534.4961547851562,696000,696,1475,,
174974,0.0001,,,2428.5361328125,,488.16070556640625,700000,,,-152506231.311244,1000.0
,,471,-4697.2799936599995,,1000.0,,700000,700,1485,,
175974,0.0001,471,-4665.92969338,2482.49755859375,1000.0,391.6717529296875,704000,704,1492,,
176974,0.0001,471,-4678.49679811,2540.70751953125,1000.0,1211.7841796875,708000,708,1500,,
177474,0.0001,,,2564.8310546875,,603.074951171875,710000,,,-152506231.311244,1000.0
177974,0.0001,471,-4665.65737303,2304.25244140625,1000.0,479.96575927734375,712000,712,1510,,
178974,0.0001,471,-4632.875357879999,2461.640869140625,1000.0,540.9287109375,716000,716,1517,,
179974,0.0001,,,2381.86474609375,,198.343017578125,720000,,,-152506231.311244,1000.0
,,471,-4607.9374384,,1000.0,,720000,720,1528,,
180974,0.0001,471,-4665.87380216,2533.43212890625,1000.0,1340.5274658203125,724000,724,1535,,
181974,0.0001,471,-4675.39727148,2614.087890625,1000.0,1093.200927734375,728000,728,1542,,
182474,0.0001,,,2427.70263671875,,371.9929504394531,730000,,,-152506231.311244,1000.0
182974,0.0001,471,-4663.146308140001,2345.70556640625,1000.0,278.6603698730469,732000,732,1553,,
183974,0.0001,471,-4753.248176550001,2525.85888671875,1000.0,1477.72119140625,736000,736,1560,,
184974,0.0001,,,2387.66162109375,,722.0081176757812,740000,,,-152506231.311244,1000.0
,,471,-4733.189569009999,,1000.0,,740000,740,1570,,
185974,0.0001,471,-4754.70559882,2528.36474609375,1000.0,1642.3121337890625,744000,744,1577,,
186974,0.0001,471,-4776.436846590001,2548.34326171875,1000.0,823.3779296875,748000,748,1585,,
187474,0.0001,,,2440.173828125,,1007.627685546875,750000,,,-152506231.311244,1000.0
187974,0.0001,471,-4801.008857610001,2513.898681640625,1000.0,1007.25634765625,752000,752,1595,,
188974,0.0001,471,-4893.84259034,2395.86474609375,1000.0,1231.26611328125,756000,756,1602,,
189974,0.0001,,,2359.7001953125,,1110.31005859375,760000,,,-152506231.311244,1000.0
,,471,-4919.05988485,,1000.0,,760000,760,1613,,
190974,0.0001,471,-4998.03893081,2439.8408203125,1000.0,937.8787231445312,764000,764,1620,,
191974,0.0001,471,-4965.115667510001,2453.040283203125,1000.0,1668.910400390625,768000,768,1627,,
192474,0.0001,,,2427.46826171875,,375.09649658203125,770000,,,-152506231.311244,1000.0
192974,0.0001,471,-5095.048209140001,2423.39794921875,1000.0,1433.1278076171875,772000,772,1637,,
193974,0.0001,471,-5067.94307251,2421.839599609375,1000.0,929.1221313476562,776000,776,1645,,
194974,0.0001,,,2585.973388671875,,7549.38671875,780000,,,-152506231.311244,1000.0
,,471,-5091.48404607,,1000.0,,780000,780,1655,,
195974,0.0001,471,-5068.9507415,2414.17236328125,1000.0,307.22015380859375,784000,784,1662,,
196974,0.0001,471,-5005.1197402200005,2434.58203125,1000.0,2668.805908203125,788000,788,1670,,
197474,0.0001,,,2495.83447265625,,886.3311767578125,790000,,,-152506231.311244,1000.0
197974,0.0001,471,-5030.25723236,2432.816162109375,1000.0,520.0652465820312,792000,792,1680,,
198974,0.0001,471,-5057.08230094,2331.671875,1000.0,203.9226531982422,796000,796,1687,,
199974,0.0001,,,2454.058837890625,,436.7990417480469,800000,,,-152506231.311244,1000.0
,,471,-5066.16477565,,1000.0,,800000,800,1698,,
200974,0.0001,471,-5154.632506669999,2504.564697265625,1000.0,381.4983215332031,804000,804,1705,,
201974,0.0001,471,-5199.57780009,2475.965576171875,1000.0,242.55670166015625,808000,808,1712,,
202474,0.0001,,,2477.33984375,,189.99964904785156,810000,,,-152506231.311244,1000.0
202974,0.0001,471,-5197.289715479999,2425.615478515625,1000.0,223.3389434814453,812000,812,1722,,
203974,0.0001,471,-5270.37108214,2424.7783203125,1000.0,351.9529724121094,816000,816,1730,,
204974,0.0001,,,2421.316162109375,,5322.9599609375,820000,,,-152506231.311244,1000.0
,,471,-5273.4949462,,1000.0,,820000,820,1740,,
205974,0.0001,471,-5225.31492725,2412.4306640625,1000.0,309.7040710449219,824000,824,1747,,
206974,0.0001,471,-5218.53976318,2450.28662109375,1000.0,239.2037353515625,828000,828,1754,,
207474,0.0001,,,2292.7392578125,,1145.12939453125,830000,,,-152506231.311244,1000.0
207974,0.0001,471,-5233.094022500001,2458.970947265625,1000.0,565.107177734375,832000,832,1765,,
208974,0.0001,471,-5069.687236940001,2405.052490234375,1000.0,1064.922607421875,836000,836,1772,,
209974,0.0001,,,2357.107666015625,,694.4725341796875,840000,,,-152506231.311244,1000.0
,,471,-5114.425555220001,,1000.0,,840000,840,1782,,
210974,0.0001,471,-5103.03474795,2363.3486328125,1000.0,430.47454833984375,844000,844,1790,,
211974,0.0001,471,-5059.939701710001,2437.45263671875,1000.0,474.119140625,848000,848,1797,,
212474,0.0001,,,2463.68115234375,,690.3876342773438,850000,,,-152506231.311244,1000.0
212974,0.0001,471,-5137.91115854,2437.476318359375,1000.0,265.36749267578125,852000,852,1807,,
213974,0.0001,471,-4996.3474854,2323.3427734375,1000.0,360.28485107421875,856000,856,1815,,
214974,0.0001,,,2407.380859375,,239.21853637695312,860000,,,-152506231.311244,1000.0
,,471,-4950.74659512,,1000.0,,860000,860,1825,,
215974,0.0001,471,-4837.62316051,2342.2998046875,1000.0,288.6044006347656,864000,864,1832,,
216974,0.0001,471,-4814.53747297,2319.01806640625,1000.0,212.79000854492188,868000,868,1839,,
217474,0.0001,,,2467.2314453125,,420.30474853515625,870000,,,-152506231.311244,1000.0
217974,0.0001,471,-4736.85662538,2504.212158203125,1000.0,687.8423461914062,872000,872,1850,,
218974,0.0001,471,-4795.558378640001,2394.756103515625,1000.0,134.467041015625,876000,876,1857,,
219974,0.0001,,,2409.208984375,,677.965087890625,880000,,,-152506231.311244,1000.0
,,471,-4773.827955860001,,1000.0,,880000,880,1867,,
220974,0.0001,471,-4858.640874089999,2213.90966796875,1000.0,192.33441162109375,884000,884,1875,,
221974,0.0001,471,-4917.2584085299995,2322.5068359375,1000.0,159.91036987304688,888000,888,1882,,
222474,0.0001,,,2287.2822265625,,1034.865966796875,890000,,,-152506231.311244,1000.0
222974,0.0001,471,-4963.70184964,2431.764404296875,1000.0,352.1653747558594,892000,892,1892,,
223974,0.0001,471,-4995.795418669999,2400.45654296875,1000.0,1012.3792724609375,896000,896,1899,,
224974,0.0001,,,2347.87646484375,,526.645751953125,900000,,,-152506231.311244,1000.0
,,471,-5046.47847366,,1000.0,,900000,900,1910,,
225974,0.0001,471,-4986.883062669999,2467.40869140625,1000.0,421.60833740234375,904000,904,1917,,
226974,0.0001,471,-4932.83959653,2262.568359375,1000.0,390.7890319824219,908000,908,1924,,
227474,0.0001,,,2311.56787109375,,871.2615966796875,910000,,,-152506231.311244,1000.0
227974,0.0001,471,-4916.64477132,2211.314208984375,1000.0,319.877197265625,912000,912,1935,,
228974,0.0001,471,-4901.44302408,2305.1728515625,1000.0,1364.8134765625,916000,916,1942,,
229974,0.0001,,,2261.661376953125,,209.55191040039062,920000,,,-152506231.311244,1000.0
,,471,-4978.36229549,,1000.0,,920000,920,1952,,
230974,0.0001,471,-4954.07500384,2289.686279296875,1000.0,895.859375,924000,924,1959,,
231974,0.0001,471,-4960.828223859999,2281.281494140625,1000.0,685.9986572265625,928000,928,1967,,
232474,0.0001,,,2363.32958984375,,163.53358459472656,930000,,,-152506231.311244,1000.0
232974,0.0001,471,-4977.50514417,2306.15185546875,1000.0,2098.988037109375,932000,932,1977,,
233974,0.0001,471,-5055.757568949999,2392.815185546875,1000.0,235.527587890625,936000,936,1984,,
234974,0.0001,,,2316.9013671875,,420.01202392578125,940000,,,-152506231.311244,1000.0
,,471,-5031.3080068399995,,1000.0,,940000,940,1994,,
235974,0.0001,471,-4968.50593234,2256.359619140625,1000.0,609.387939453125,944000,944,2002,,
236974,0.0001,471,-4858.52194043,2243.37890625,1000.0,181.27407836914062,948000,948,2009,,
237474,0.0001,,,2321.4404296875,,2774.538330078125,950000,,,-152506231.311244,1000.0
237974,0.0001,471,-4776.60011644,2225.838134765625,1000.0,608.7246704101562,952000,952,2019,,
238974,0.0001,471,-4796.25141914,2392.58984375,1000.0,431.220458984375,956000,956,2027,,
239974,0.0001,,,2316.455322265625,,448.44940185546875,960000,,,-152506231.311244,1000.0
,,471,-4762.36491643,,1000.0,,960000,960,2037,,
240974,0.0001,471,-4866.177946389999,2434.291259765625,1000.0,198.37271118164062,964000,964,2044,,
241974,0.0001,471,-4875.7125719099995,2205.166259765625,1000.0,428.072998046875,968000,968,2051,,
242474,0.0001,,,2260.04248046875,,399.0797424316406,970000,,,-152506231.311244,1000.0
242974,0.0001,471,-4950.73833351,2301.826171875,1000.0,603.6337280273438,972000,972,2062,,
243974,0.0001,471,-4857.28876063,2228.76513671875,1000.0,376.10296630859375,976000,976,2069,,
244974,0.0001,,,2189.049072265625,,354.54547119140625,980000,,,-152506231.311244,1000.0
,,471,-4942.54921941,,1000.0,,980000,980,2079,,
245974,0.0001,471,-4912.332902300001,2267.627685546875,1000.0,219.63607788085938,984000,984,2086,,
246974,0.0001,471,-4904.936286249999,2164.687255859375,1000.0,312.753662109375,988000,988,2094,,
247474,0.0001,,,2123.2841796875,,1770.801025390625,990000,,,-152506231.311244,1000.0
247974,0.0001,471,-4933.3028542600005,2302.80419921875,1000.0,295.8894348144531,992000,992,2104,,
248974,0.0001,471,-4960.68373899,2181.9794921875,1000.0,328.45672607421875,996000,996,2111,,
249974,0.0001,,,2194.43701171875,,228.27316284179688,1000000,,,-152506231.311244,1000.0
,,471,-4901.60043612,,1000.0,,1000000,1000,2122,,
